0,0.0101010101010101,1.5707963267949,0
0,0.0202020202020202,1.5707963267949,0
0,0.0303030303030303,1.5707963267949,0
0,0.0404040404040404,1.5707963267949,0
0,0.0505050505050505,1.5707963267949,0
0,0.0606060606060606,1.5707963267949,0
0,0.0707070707070707,1.5707963267949,0
0,0.0808080808080808,1.5707963267949,0
0,0.0909090909090909,1.5707963267949,0
0,0.101010101010101,1.5707963267949,0
0,0.111111111111111,1.5707963267949,0
0,0.121212121212121,1.5707963267949,0
0,0.131313131313131,1.5707963267949,0
0,0.141414141414141,1.5707963267949,0
0,0.151515151515152,1.5707963267949,0
0,0.161616161616162,1.5707963267949,0
0,0.171717171717172,1.5707963267949,0
0,0.181818181818182,1.5707963267949,0
0,0.191919191919192,1.5707963267949,0
0,0.202020202020202,1.5707963267949,0
0,0.212121212121212,1.5707963267949,0
0,0.222222222222222,1.5707963267949,0
0,0.232323232323232,1.5707963267949,0
0,0.242424242424242,1.5707963267949,0
0,0.252525252525253,1.5707963267949,0
0,0.262626262626263,1.5707963267949,0
0,0.272727272727273,1.5707963267949,0
0,0.282828282828283,1.5707963267949,0
0,0.292929292929293,1.5707963267949,0
0,0.303030303030303,1.5707963267949,0
0,0.313131313131313,1.5707963267949,0
0,0.323232323232323,1.5707963267949,0
0,0.333333333333333,1.5707963267949,0
0,0.343434343434343,1.5707963267949,0
0,0.353535353535354,1.5707963267949,0
0,0.363636363636364,1.5707963267949,0
0,0.373737373737374,1.5707963267949,0
0,0.383838383838384,1.5707963267949,0
0,0.393939393939394,1.5707963267949,0
0,0.404040404040404,1.5707963267949,0
0,0.414141414141414,1.5707963267949,0
0,0.424242424242424,1.5707963267949,0
0,0.434343434343434,1.5707963267949,0
0,0.444444444444444,1.5707963267949,0
0,0.454545454545455,1.5707963267949,0
0,0.464646464646465,1.5707963267949,0
0,0.474747474747475,1.5707963267949,0
0,0.484848484848485,1.5707963267949,0
0,0.494949494949495,1.5707963267949,0
0,0.505050505050505,1.5707963267949,0
0,0.515151515151515,1.5707963267949,0
0,0.525252525252525,1.5707963267949,0
0,0.535353535353535,1.5707963267949,0
0,0.545454545454546,1.5707963267949,0
0,0.555555555555556,1.5707963267949,0
0,0.565656565656566,1.5707963267949,0
0,0.575757575757576,1.5707963267949,0
0,0.585858585858586,1.5707963267949,0
0,0.595959595959596,1.5707963267949,0
0,0.606060606060606,1.5707963267949,0
0,0.616161616161616,1.5707963267949,0
0,0.626262626262626,1.5707963267949,0
0,0.636363636363636,1.5707963267949,0
0,0.646464646464647,1.5707963267949,0
0,0.656565656565657,1.5707963267949,0
0,0.666666666666667,1.5707963267949,0
0,0.676767676767677,1.5707963267949,0
0,0.686868686868687,1.5707963267949,0
0,0.696969696969697,1.5707963267949,0
0,0.707070707070707,1.5707963267949,0
0,0.717171717171717,1.5707963267949,0
0,0.727272727272727,1.5707963267949,0
0,0.737373737373737,1.5707963267949,0
0,0.747474747474748,1.5707963267949,0
0,0.757575757575758,1.5707963267949,0
0,0.767676767676768,1.5707963267949,0
0,0.777777777777778,1.5707963267949,0
0,0.787878787878788,1.5707963267949,0
0,0.797979797979798,1.5707963267949,0
0,0.808080808080808,1.5707963267949,0
0,0.818181818181818,1.5707963267949,0
0,0.828282828282828,1.5707963267949,0
0,0.838383838383838,1.5707963267949,0
0,0.848484848484849,1.5707963267949,0
0,0.858585858585859,1.5707963267949,0
0,0.868686868686869,1.5707963267949,0
0,0.878787878787879,1.5707963267949,0
0,0.888888888888889,1.5707963267949,0
0,0.898989898989899,1.5707963267949,0
0,0.909090909090909,1.5707963267949,0
0,0.919191919191919,1.5707963267949,0
0,0.929292929292929,1.5707963267949,0
0,0.939393939393939,1.5707963267949,0
0,0.94949494949495,1.5707963267949,0
0,0.95959595959596,1.5707963267949,0
0,0.96969696969697,1.5707963267949,0
0,0.97979797979798,1.5707963267949,0
0,0.98989898989899,1.5707963267949,0
0,1,1.5707963267949,0
0,1,1.56857140281927,-0.2
1.23757116385903e-05,1.01112461069981,1.56634647884364,-0.2
4.9502785288702e-05,1.02224916632963,1.56412155486801,-0.2
0.000111381037163127,1.03337361181974,1.56189663089238,-0.2
0.000198010160946005,1.04449789210098,1.55967170691675,-0.2
0.00030938972779726,1.05562195210498,1.55744678294112,-0.2
0.000445519186357934,1.06674573676449,1.55522185896549,-0.2
0.000606397862748409,1.0778691910136,1.55299693498986,-0.2
0.000792024960571958,1.08899225978805,1.55077201101423,-0.2
0.00100239956092363,1.10011488802548,1.54854708703859,-0.2
0.00123752062238758,1.11123702066572,1.54632216306296,-0.2
0.00149738698104862,1.12235860265104,1.54409723908733,-0.2
0.001781997350494,1.13347957892644,1.5418723151117,-0.2
0.00209135032182139,1.14459989443994,1.53964739113607,-0.2
0.00242544436364511,1.1557194941428,1.53742246716044,-0.2
0.002784277822105,1.16683832298983,1.53519754318481,-0.2
0.00316784892087352,1.17795632593968,1.53297261920918,-0.2
0.00357615576116377,1.18907344795505,1.53074769523355,-0.2
0.0040091963217419,1.20018963400304,1.52852277125792,-0.2
0.00446696845893246,1.21130482905535,1.52629784728229,-0.2
0.00494946990663347,1.22241897808861,1.52407292330666,-0.2
0.00545669827632622,1.23353202608462,1.52184799933103,-0.2
0.0059886510570859,1.24464391803062,1.5196230753554,-0.2
0.00654532561559318,1.25575459891959,1.51739815137977,-0.2
0.00712671919615193,1.26686401375049,1.51517322740414,-0.2
0.00773282892069815,1.27797210752856,1.51294830342851,-0.2
0.00836365178881682,1.28907882526557,1.51072337945288,-0.2
0.00901918467775342,1.30018411198011,1.50849845547725,-0.2
0.00969942434243531,1.31128791269784,1.50627353150162,-0.2
0.0104043674154823,1.3223901724518,1.50404860752599,-0.2
0.0111340104072237,1.33349083628264,1.50182368355036,-0.2
0.0118883497057212,1.3445898492389,1.49959875957473,-0.2
0.0126673815767795,1.35568715637732,1.4973738355991,-0.2
0.0134711021639697,1.36678270276307,1.49514891162347,-0.2
0.0142995074886452,1.37787643347003,1.49292398764784,-0.2
0.0151525934499643,1.38896829358108,1.49069906367221,-0.2
0.0160303558249089,1.40005822818836,1.48847413969658,-0.2
0.0169327902683047,1.41114618239353,1.48624921572095,-0.2
0.0178598923128446,1.42223210130806,1.48402429174532,-0.2
0.0188116573691106,1.4333159300535,1.48179936776969,-0.2
0.0197880807255935,1.44439761376174,1.47957444379406,-0.2
0.0207891575487205,1.4554770975753,1.47734951981843,-0.2
0.0218148828828753,1.46655432664756,1.4751245958428,-0.2
0.0228652516504271,1.4776292461431,1.47289967186717,-0.2
0.0239402586517494,1.48870180123792,1.47067474789154,-0.2
0.0250398985652538,1.4997719371197,1.46844982391591,-0.2
0.0261641659474083,1.51083959898814,1.46622489994028,-0.2
0.0273130552327698,1.52190473205514,1.46399997596465,-0.2
0.0284865607340095,1.53296728154516,1.46177505198902,-0.2
0.0296846766419403,1.54402719269543,1.45955012801339,-0.2
0.0309073970255485,1.55508441075623,1.45732520403776,-0.2
0.0321547158320188,1.56613888099118,1.45510028006213,-0.2
0.0334266268867696,1.57719054867753,1.4528753560865,-0.2
0.0347231238934773,1.58823935910636,1.45065043211087,-0.2
0.036044200434115,1.59928525758291,1.44842550813524,-0.2
0.0373898499689753,1.61032818942685,1.44620058415961,-0.2
0.0387600658367129,1.62136809997252,1.44397566018398,-0.2
0.040154841254366,1.63240493456922,1.44175073620835,-0.2
0.0415741693174008,1.64343863858147,1.43952581223272,-0.2
0.0430180429997398,1.65446915738931,1.43730088825709,-0.2
0.0444864551537965,1.66549643638852,1.43507596428146,-0.2
0.0459793985105126,1.67652042099093,1.43285104030583,-0.2
0.0474968656793955,1.68754105662468,1.4306261163302,-0.2
0.0490388491485474,1.69855828873449,1.42840119235457,-0.2
0.0506053412847134,1.70957206278192,1.42617626837894,-0.2
0.0521963343333116,1.72058232424566,1.42395134440331,-0.2
0.0538118204184723,1.73158901862178,1.42172642042768,-0.2
0.0554517915430806,1.742592091424,1.41950149645205,-0.2
0.0571162395888125,1.75359148818399,1.41727657247642,-0.2
0.0588051563161756,1.76458715445159,1.41505164850079,-0.2
0.0605185333645517,1.77557903579514,1.41282672452515,-0.2
0.0622563622522376,1.78656707780169,1.41060180054952,-0.2
0.0640186343764846,1.79755122607731,1.40837687657389,-0.2
0.0658053410135446,1.80853142624733,1.40615195259826,-0.2
0.0676164733187106,1.81950762395663,1.40392702862263,-0.2
0.0694520223263622,1.83047976486992,1.401702104647,-0.2
0.0713119789500096,1.84144779467197,1.39947718067137,-0.2
0.073196333982338,1.85241165906792,1.39725225669574,-0.2
0.0751050780952536,1.86337130378351,1.39502733272011,-0.2
0.0770382018399287,1.87432667456538,1.39280240874448,-0.2
0.0789956956468529,1.88527771718134,1.39057748476885,-0.2
0.0809775498258727,1.89622437742059,1.38835256079322,-0.2
0.0829837545662464,1.90716660109406,1.38612763681759,-0.2
0.085014299936689,1.91810433403463,1.38390271284196,-0.2
0.0870691758854241,1.9290375220974,1.38167778886633,-0.2
0.0891483722402295,1.93996611115998,1.3794528648907,-0.2
0.0912518787084915,1.95089004712274,1.37722794091507,-0.2
0.093379684877255,1.96180927590909,1.37500301693944,-0.2
0.0955317802132738,1.97272374346575,1.37277809296381,-0.2
0.0977081540630627,1.98363339576298,1.37055316898818,-0.2
0.0999087956529516,1.99453817879491,1.36832824501255,-0.2
0.102133694089139,2.00543803857975,1.36610332103692,-0.2
0.104382838357744,2.0163329211601,1.36387839706129,-0.2
0.106656217324862,2.02722277260318,1.36165347308566,-0.2
0.10895381973662,2.03810753900114,1.35942854911003,-0.2
0.111275634219233,2.04898716647127,1.3572036251344,-0.2
0.113621649279056,2.05986160115633,1.35497870115877,-0.2
0.115991853302649,2.07073078922477,1.35275377718314,-0.2
0.118386234556827,2.08159467687102,1.35052885320751,-0.2
0.12080478118872,2.09245321031573,1.34830392923188,-0.2
0.123247481225834,2.10330633580608,1.34607900525625,-0.2
0.12571432257611,2.114153999616,1.34385408128062,-0.2
0.12820529302798,2.12499614804648,1.34162915730499,-0.2
0.130720380250431,2.13583272742578,1.33940423332936,-0.2
0.133259571793066,2.14666368410977,1.33717930935373,-0.2
0.135822855086164,2.15748896448212,1.3349543853781,-0.2
0.138410217440742,2.1683085149546,1.33272946140247,-0.2
0.141021646048621,2.17912228196737,1.33050453742684,-0.2
0.143657127982486,2.18993021198921,1.32827961345121,-0.2
0.14631665019595,2.20073225151777,1.32605468947558,-0.2
0.149000199523623,2.2115283470799,1.32382976549995,-0.2
0.15170776268117,2.22231844523183,1.32160484152432,-0.2
0.154439326265384,2.23310249255953,1.31937991754869,-0.2
0.157194876754246,2.24388043567888,1.31715499357306,-0.2
0.159974400506998,2.25465222123599,1.31493006959743,-0.2
0.162777883764207,2.26541779590747,1.3127051456218,-0.2
0.165605312647831,2.27617710640065,1.31048022164617,-0.2
0.168456673161294,2.28693009945388,1.30825529767054,-0.2
0.171331951189549,2.29767672183678,1.30603037369491,-0.2
0.17423113249915,2.30841692035053,1.30380544971928,-0.2
0.177154202738325,2.31915064182807,1.30158052574365,-0.2
0.180101147437046,2.32987783313443,1.29935560176802,-0.2
0.183071952007097,2.34059844116696,1.29713067779239,-0.2
0.186066601742148,2.3513124128556,1.29490575381676,-0.2
0.189085081817833,2.36201969516313,1.29268082984113,-0.2
0.192127377291814,2.37272023508547,1.2904559058655,-0.2
0.195193473103863,2.38341397965189,1.28823098188987,-0.2
0.198283354075935,2.39410087592532,1.28600605791424,-0.2
0.201397004912237,2.40478087100257,1.28378113393861,-0.2
0.204534410199313,2.41545391201464,1.28155620996298,-0.2
0.207695554406111,2.42611994612692,1.27933128598734,-0.2
0.210880421884071,2.43677892053952,1.27710636201171,-0.2
0.21408899686719,2.44743078248747,1.27488143803608,-0.2
0.217321263472108,2.45807547924103,1.27265651406045,-0.2
0.220577205698188,2.46871295810593,1.27043159008482,-0.2
0.223856807427587,2.4793431664236,1.26820666610919,-0.2
0.227160052425343,2.48996605157149,1.26598174213356,-0.2
0.230486924339453,2.50058156096331,1.26375681815793,-0.2
0.233837406700955,2.51118964204924,1.2615318941823,-0.2
0.237211482924007,2.52179024231629,1.25930697020667,-0.2
0.24060913630597,2.53238330928844,1.25708204623104,-0.2
0.244030350027495,2.54296879052702,1.25485712225541,-0.2
0.247475107152598,2.55354663363086,1.25263219827978,-0.2
0.250943390628752,2.56411678623665,1.25040727430415,-0.2
0.254435183286966,2.57467919601911,1.24818235032852,-0.2
0.257950467841873,2.58523381069131,1.24595742635289,-0.2
0.261489226891814,2.5957805780049,1.24373250237726,-0.2
0.265051442918923,2.60631944575038,1.24150757840163,-0.2
0.268637098289216,2.61685036175736,1.239282654426,-0.2
0.272246175252681,2.62737327389481,1.23705773045037,-0.2
0.275878655943359,2.6378881300713,1.23483280647474,-0.2
0.279534522379435,2.64839487823532,1.23260788249911,-0.2
0.28321375646333,2.65889346637547,1.23038295852348,-0.2
0.286916339981789,2.66938384252075,1.22815803454785,-0.2
0.290642254605969,2.67986595474081,1.22593311057222,-0.2
0.294391481891531,2.69033975114621,1.22370818659659,-0.2
0.298164003278734,2.70080517988867,1.22148326262096,-0.2
0.301959800092525,2.71126218916136,1.21925833864533,-0.2
0.305778853542625,2.72171072719909,1.2170334146697,-0.2
0.309621144723636,2.73215074227862,1.21480849069407,-0.2
0.31348665461512,2.74258218271891,1.21258356671844,-0.2
0.317375364081705,2.75300499688137,1.21035864274281,-0.2
0.32128725387317,2.76341913317009,1.20813371876718,-0.2
0.32522230462455,2.77382454003213,1.20590879479155,-0.2
0.329180496856222,2.78422116595777,1.20368387081592,-0.2
0.333161810974007,2.79460895948075,1.20145894684029,-0.2
0.337166227269267,2.80498786917854,1.19923402286466,-0.2
0.341193725919003,2.81535784367257,1.19700909888903,-0.2
0.345244286985949,2.82571883162853,1.1947841749134,-0.2
0.349317890418675,2.83607078175657,1.19255925093777,-0.2
0.353414516051685,2.8464136428116,1.19033432696214,-0.2
0.357534143605514,2.8567473635935,1.18810940298651,-0.2
0.361676752686835,2.86707189294742,1.18588447901088,-0.2
0.365842322788553,2.87738717976399,1.18365955503525,-0.2
0.370030833289911,2.88769317297962,1.18143463105962,-0.2
0.374242263456588,2.8979898215767,1.17920970708399,-0.2
0.378476592440808,2.9082770745839,1.17698478310836,-0.2
0.382733799281436,2.91855488107637,1.17475985913273,-0.2
0.387013862904086,2.92882319017605,1.1725349351571,-0.2
0.391316762121225,2.93908195105189,1.17031001118147,-0.2
0.395642475632278,2.94933111292011,1.16808508720584,-0.2
0.399990982023731,2.95957062504442,1.16586016323021,-0.2
0.404362259769239,2.96980043673635,1.16363523925458,-0.2
0.408756287229734,2.98002049735539,1.16141031527895,-0.2
0.413173042653528,2.99023075630936,1.15918539130332,-0.2
0.417612504176426,3.00043116305454,1.15696046732769,-0.2
0.422074649821828,3.01062166709604,1.15473554335206,-0.2
0.426559457500844,3.02080221798795,1.15251061937643,-0.2
0.4310669050124,3.03097276533365,1.1502856954008,-0.2
0.435596970043346,3.04113325878604,1.14806077142517,-0.2
0.440149630168571,3.05128364804777,1.14583584744953,-0.2
0.444724862851113,3.06142388287154,1.1436109234739,-0.2
0.449322645442266,3.0715539130603,1.14138599949827,-0.2
0.453942955181699,3.0816736884675,1.13916107552264,-0.2
0.458585769197562,3.09178315899739,1.13693615154701,-0.2
0.463251064506605,3.1018822746052,1.13471122757138,-0.2
0.467938818014288,3.11197098529745,1.13248630359575,-0.2
0.472649006514897,3.12204924113213,1.13026137962012,-0.2
0.477381606691656,3.13211699221901,1.12803645564449,-0.2
0.482136595116851,3.14217418871987,1.12581153166886,-0.2
0.486913948251932,3.15222078084871,1.12358660769323,-0.2
0.491713642447643,3.16225671887205,1.1213616837176,-0.2
0.496535653944133,3.17228195310913,1.11913675974197,-0.2
0.501379958871069,3.18229643393219,1.11691183576634,-0.2
0.506246533247764,3.1923001117667,1.11468691179071,-0.2
0.511135352983291,3.2022929370916,1.11246198781508,-0.2
0.516046393876598,3.21227486043958,1.11023706383945,-0.2
0.520979631616638,3.22224583239725,1.10801213986382,-0.2
0.525935041782477,3.23220580360549,1.10578721588819,-0.2
0.530912599843425,3.24215472475959,1.10356229191256,-0.2
0.535912281159153,3.25209254660956,1.10133736793693,-0.2
0.540934060979815,3.26201921996035,1.0991124439613,-0.2
0.545977914446172,3.27193469567211,1.09688751998567,-0.2
0.551043816589712,3.28183892466041,1.09466259601004,-0.2
0.55613174233278,3.29173185789649,1.09243767203441,-0.2
0.561241666488693,3.30161344640752,1.09021274805878,-0.2
0.566373563761873,3.31148364127683,1.08798782408315,-0.2
0.571527408747968,3.32134239364414,1.08576290010752,-0.2
0.576703175933975,3.33118965470582,1.08353797613189,-0.2
0.581900839698378,3.34102537571512,1.08131305215626,-0.2
0.587120374311258,3.35084950798242,1.07908812818063,-0.2
0.592361753934435,3.36066200287548,1.076863204205,-0.2
0.597624952621588,3.37046281181965,1.07463828022937,-0.2
0.602909944318384,3.38025188629814,1.07241335625374,-0.2
0.60821670286261,3.39002917785224,1.07018843227811,-0.2
0.613545201984301,3.39979463808157,1.06796350830248,-0.2
0.618895415305869,3.40954821864433,1.06573858432685,-0.2
0.624267316342237,3.41928987125752,1.06351366035122,-0.2
0.629660878500963,3.42901954769718,1.06128873637559,-0.2
0.635076075082381,3.43873719979865,1.05906381239996,-0.2
0.640512879279726,3.44844277945678,1.05683888842433,-0.2
0.645971264179268,3.45813623862619,1.0546139644487,-0.2
0.65145120276045,3.4678175293215,1.05238904047307,-0.2
0.656952667896015,3.47748660361756,1.05016411649744,-0.2
0.662475632352146,3.4871434136497,1.04793919252181,-0.2
0.668020068788596,3.49678791161397,1.04571426854618,-0.2
0.673585949758825,3.50642004976735,1.04348934457055,-0.2
0.67917324771014,3.51603978042802,1.04126442059492,-0.2
0.684781934983824,3.52564705597557,1.03903949661929,-0.2
0.690411983815279,3.53524182885125,1.03681457264366,-0.2
0.696063366334162,3.54482405155822,1.03458964866803,-0.2
0.701736054564519,3.55439367666173,1.0323647246924,-0.2
0.707430020424929,3.56395065678942,1.03013980071677,-0.2
0.713145235728641,3.57349494463151,1.02791487674114,-0.2
0.718881672183711,3.58302649294107,1.02568995276551,-0.2
0.724639301393147,3.59254525453422,1.02346502878988,-0.2
0.730418094855044,3.60205118229038,1.02124010481425,-0.2
0.736218023962731,3.6115442291525,1.01901518083862,-0.2
0.742039060004908,3.62102434812729,1.01679025686299,-0.2
0.747881174165788,3.63049149228548,1.01456533288736,-0.2
0.753744337525244,3.63994561476199,1.01234040891173,-0.2
0.759628521058946,3.64938666875624,1.0101154849361,-0.2
0.765533695638514,3.65881460753231,1.00789056096046,-0.2
0.771459832031653,3.66822938441923,1.00566563698483,-0.2
0.777406900902298,3.67763095281117,1.0034407130092,-0.2
0.783374872810767,3.6870192661677,1.00121578903357,-0.2
0.789363718213901,3.69639427801398,0.998990865057944,-0.2
0.795373407465208,3.70575594194104,0.996765941082314,-0.2
0.801403910815017,3.71510421160599,0.994541017106684,-0.2
0.80745519841062,3.72443904073221,0.992316093131054,-0.2
0.813527240296422,3.73376038310966,0.990091169155424,-0.2
0.819620006414084,3.74306819259504,0.987866245179793,-0.2
0.825733466602681,3.75236242311203,0.985641321204163,-0.2
0.831867590598847,3.76164302865156,0.983416397228533,-0.2
0.838022348036919,3.77090996327197,0.981191473252903,-0.2
0.844197708449097,3.78016318109932,0.978966549277273,-0.2
0.850393641265589,3.78940263632752,0.976741625301643,-0.2
0.856610115814764,3.79862828321867,0.974516701326012,-0.2
0.862847101323304,3.80784007610316,0.972291777350382,-0.2
0.869104566916353,3.81703796938001,0.970066853374752,-0.2
0.875382481617677,3.82622191751703,0.967841929399122,-0.2
0.881680814349813,3.83539187505106,0.965617005423492,-0.2
0.887999533934217,3.8445477965882,0.963392081447861,-0.2
0.894338609091431,3.85368963680403,0.961167157472231,-0.2
0.900698008441228,3.86281735044384,0.958942233496601,-0.2
0.907077700502771,3.87193089232285,0.956717309520971,-0.2
0.913477653694768,3.88103021732643,0.954492385545341,-0.2
0.919897836335629,3.89011528041034,0.952267461569711,-0.2
0.926338216643623,3.89918603660092,0.950042537594081,-0.2
0.932798762737034,3.90824244099535,0.94781761361845,-0.2
0.939279442634319,3.91728444876185,0.94559268964282,-0.2
0.945780224254268,3.92631201513991,0.94336776566719,-0.2
0.952301075416162,3.93532509544051,0.94114284169156,-0.2
0.958841963839931,3.94432364504633,0.93891791771593,-0.2
0.965402857146317,3.95330761941199,0.9366929937403,-0.2
0.971983722857028,3.96227697406425,0.934468069764669,-0.2
0.978584528394907,3.97123166460227,0.932243145789039,-0.2
0.985205241084087,3.98017164669777,0.930018221813409,-0.2
0.991845828150157,3.9890968760953,0.927793297837779,-0.2
0.99850625672032,3.99800730861243,0.925568373862149,-0.2
1.00518649382356,4.00690290013999,0.923343449886519,-0.2
1.01188650639079,4.01578360664226,0.921118525910888,-0.2
1.01860626125506,4.02464938415721,0.918893601935258,-0.2
1.02534572515166,4.03350018879674,0.916668677959628,-0.2
1.03210486471833,4.04233597674682,0.914443753983998,-0.2
1.0388836464954,4.05115670426781,0.912218830008368,-0.2
1.04568203692597,4.05996232769458,0.909993906032738,-0.2
1.05250000235607,4.06875280343679,0.907768982057107,-0.2
1.05933750903484,4.07752808797909,0.905544058081477,-0.2
1.06619452311467,4.08628813788133,0.903319134105847,-0.2
1.07307101065139,4.09503290977875,0.901094210130217,-0.2
1.07996693760443,4.10376236038225,0.898869286154587,-0.2
1.08688226983698,4.11247644647856,0.896644362178957,-0.2
1.09381697311619,4.12117512493048,0.894419438203326,-0.2
1.10077101311329,4.12985835267708,0.892194514227696,-0.2
1.10774435540382,4.13852608673389,0.889969590252066,-0.2
1.11473696546774,4.14717828419318,0.887744666276436,-0.2
1.12174880868964,4.15581490222411,0.885519742300806,-0.2
1.1287798503589,4.16443589807295,0.883294818325176,-0.2
1.13583005566986,4.17304122906331,0.881069894349545,-0.2
1.14289938972201,4.18163085259638,0.878844970373915,-0.2
1.14998781752012,4.19020472615105,0.876620046398285,-0.2
1.15709530397446,4.19876280728422,0.874395122422655,-0.2
1.16422181390095,4.20730505363095,0.872170198447025,-0.2
1.17136731202133,4.21583142290469,0.869945274471395,-0.2
1.17853176296336,4.22434187289749,0.867720350495764,-0.2
1.18571513126096,4.23283636148018,0.865495426520134,-0.2
1.19291738135442,4.24131484660265,0.863270502544504,-0.2
1.20013847759055,4.24977728629396,0.861045578568874,-0.2
1.20737838422286,4.25822363866264,0.858820654593244,-0.2
1.21463706541177,4.26665386189684,0.856595730617614,-0.2
1.22191448522472,4.27506791426456,0.854370806641983,-0.2
1.22921060763642,4.28346575411383,0.852145882666353,-0.2
1.23652539652899,4.29184733987296,0.849920958690723,-0.2
1.24385881569214,4.30021263005072,0.847696034715093,-0.2
1.25121082882335,4.30856158323654,0.845471110739463,-0.2
1.25858139952808,4.31689415810073,0.843246186763833,-0.2
1.26597049131989,4.32521031339466,0.841021262788202,-0.2
1.27337806762068,4.33351000795099,0.838796338812572,-0.2
1.28080409176084,4.34179320068389,0.836571414836942,-0.2
1.28824852697943,4.35005985058919,0.834346490861312,-0.2
1.29571133642439,4.35830991674461,0.832121566885682,-0.2
1.30319248315267,4.36654335830999,0.829896642910052,-0.2
1.31069193013048,4.37476013452744,0.827671718934421,-0.2
1.31820964023342,4.38296020472158,0.825446794958791,-0.2
1.32574557624667,4.39114352829972,0.823221870983161,-0.2
1.33329970086522,4.3993100647521,0.820996947007531,-0.2
1.340871976694,4.40745977365202,0.818772023031901,-0.2
1.34846236624808,4.41559261465612,0.816547099056271,-0.2
1.35607083195287,4.4237085475045,0.814322175080641,-0.2
1.36369733614432,4.431807532021,0.81209725110501,-0.2
1.37134184106904,4.43988952811333,0.80987232712938,-0.2
1.37900430888456,4.44795449577332,0.80764740315375,-0.2
1.38668470165949,4.45600239507707,0.80542247917812,-0.2
1.3943829813737,4.4640331861852,0.80319755520249,-0.2
1.40209910991851,4.472046829343,0.800972631226859,-0.2
1.40983304909688,4.48004328488067,0.798747707251229,-0.2
1.41758476062362,4.48802251321345,0.796522783275599,-0.2
1.42535420612555,4.49598447484192,0.794297859299969,-0.2
1.4331413471417,4.50392913035208,0.792072935324339,-0.2
1.44094614512351,4.51185644041564,0.789848011348709,-0.2
1.448768561435,4.51976636579014,0.787623087373079,-0.2
1.45660855735299,4.52765886731922,0.785398163397448,-0.2
1.46446609406726,4.53553390593274,0.783173239421818,-0.2
1.47234113268078,4.54339144264701,0.780948315446188,-0.2
1.48023363420986,4.551231438565,0.778723391470558,-0.2
1.48814355958437,4.55905385487649,0.776498467494928,-0.2
1.49607086964792,4.5668586528583,0.774273543519298,-0.2
1.50401552515808,4.57464579387445,0.772048619543667,-0.2
1.51197748678655,4.58241523937638,0.769823695568037,-0.2
1.51995671511934,4.59016695090312,0.767598771592407,-0.2
1.527953170657,4.59790089008149,0.765373847616777,-0.2
1.5359668138148,4.6056170186263,0.763148923641147,-0.2
1.54399760492293,4.61331529834051,0.760923999665516,-0.2
1.55204550422668,4.62099569111544,0.758699075689886,-0.2
1.56011047188667,4.62865815893096,0.756474151714256,-0.2
1.568192467979,4.63630266385568,0.754249227738626,-0.2
1.5762914524955,4.64392916804713,0.752024303762996,-0.2
1.58440738534388,4.65153763375192,0.749799379787366,-0.2
1.59254022634798,4.659128023306,0.747574455811736,-0.2
1.6006899352479,4.66670029913478,0.745349531836105,-0.2
1.60885647170028,4.67425442375333,0.743124607860475,-0.2
1.61703979527843,4.68179035976658,0.740899683884845,-0.2
1.62523986547256,4.68930806986952,0.738674759909215,-0.2
1.63345664169001,4.69680751684733,0.736449835933585,-0.2
1.64169008325539,4.70428866357561,0.734224911957955,-0.2
1.64994014941081,4.71175147302057,0.731999987982324,-0.2
1.65820679931611,4.71919590823916,0.729775064006694,-0.2
1.66648999204901,4.72662193237932,0.727550140031064,-0.2
1.67478968660535,4.73402950868011,0.725325216055434,-0.2
1.68310584189927,4.74141860047192,0.723100292079804,-0.2
1.69143841676346,4.74878917117665,0.720875368104174,-0.2
1.69978736994928,4.75614118430786,0.718650444128543,-0.2
1.70815266012704,4.76347460347101,0.716425520152913,-0.2
1.71653424588617,4.77078939236358,0.714200596177283,-0.2
1.72493208573544,4.77808551477528,0.711975672201653,-0.2
1.73334613810316,4.78536293458823,0.709750748226023,-0.2
1.74177636133736,4.79262161577714,0.707525824250393,-0.2
1.75022271370604,4.79986152240945,0.705300900274762,-0.2
1.75868515339735,4.80708261864558,0.703075976299132,-0.2
1.76716363851982,4.81428486873904,0.700851052323502,-0.2
1.77565812710251,4.82146823703664,0.698626128347872,-0.2
1.78416857709531,4.82863268797867,0.696401204372242,-0.2
1.79269494636905,4.83577818609905,0.694176280396612,-0.2
1.80123719271578,4.84290469602554,0.691951356420981,-0.2
1.80979527384895,4.85001218247988,0.689726432445351,-0.2
1.81836914740362,4.85710061027799,0.687501508469721,-0.2
1.82695877093669,4.86416994433014,0.685276584494091,-0.2
1.83556410192705,4.8712201496411,0.683051660518461,-0.2
1.84418509777589,4.87825119131036,0.680826736542831,-0.2
1.85282171580682,4.88526303453226,0.6786018125672,-0.2
1.86147391326611,4.89225564459618,0.67637688859157,-0.2
1.87014164732292,4.89922898688671,0.67415196461594,-0.2
1.87882487506952,4.90618302688381,0.67192704064031,-0.2
1.88752355352144,4.91311773016302,0.66970211666468,-0.2
1.89623763961775,4.92003306239558,0.66747719268905,-0.2
1.90496709022125,4.92692898934861,0.665252268713419,-0.2
1.91371186211867,4.93380547688533,0.663027344737789,-0.2
1.92247191202091,4.94066249096516,0.660802420762159,-0.2
1.93124719656321,4.94749999764393,0.658577496786529,-0.2
1.94003767230542,4.95431796307404,0.656352572810899,-0.2
1.94884329573219,4.9611163535046,0.654127648835269,-0.2
1.95766402325318,4.96789513528167,0.651902724859638,-0.2
1.96649981120326,4.97465427484834,0.649677800884008,-0.2
1.97535061584279,4.98139373874494,0.647452876908378,-0.2
1.98421639335774,4.98811349360921,0.645227952932748,-0.2
1.99309709986001,4.99481350617644,0.643003028957118,-0.2
2.00199269138757,5.00149374327968,0.640778104981488,-0.2
2.0109031239047,5.00815417184984,0.638553181005857,-0.2
2.01982835330223,5.01479475891591,0.636328257030227,-0.2
2.02876833539773,5.02141547160509,0.634103333054597,-0.2
2.03772302593575,5.02801627714297,0.631878409078967,-0.2
2.04669238058801,5.03459714285368,0.629653485103337,-0.2
2.05567635495367,5.04115803616007,0.627428561127707,-0.2
2.06467490455949,5.04769892458384,0.625203637152076,-0.2
2.07368798486009,5.05421977574573,0.622978713176446,-0.2
2.08271555123815,5.06072055736568,0.620753789200816,-0.2
2.09175755900465,5.06720123726297,0.618528865225186,-0.2
2.10081396339908,5.07366178335638,0.616303941249556,-0.2
2.10988471958966,5.08010216366437,0.614079017273926,-0.2
2.11896978267357,5.08652234630523,0.611854093298295,-0.2
2.12806910767715,5.09292229949723,0.609629169322665,-0.2
2.13718264955616,5.09930199155877,0.607404245347035,-0.2
2.14631036319597,5.10566139090857,0.605179321371405,-0.2
2.1554522034118,5.11200046606578,0.602954397395775,-0.2
2.16460812494894,5.11831918565019,0.600729473420145,-0.2
2.17377808248297,5.12461751838232,0.598504549444514,-0.2
2.18296203061999,5.13089543308365,0.596279625468884,-0.2
2.19215992389684,5.1371528986767,0.594054701493254,-0.2
2.20137171678133,5.14338988418524,0.591829777517624,-0.2
2.21059736367248,5.14960635873441,0.589604853541994,-0.2
2.21983681890069,5.1558022915509,0.587379929566364,-0.2
2.22909003672803,5.16197765196308,0.585155005590734,-0.2
2.23835697134844,5.16813240940115,0.582930081615103,-0.2
2.24763757688797,5.17426653339732,0.580705157639473,-0.2
2.25693180740496,5.18037999358592,0.578480233663843,-0.2
2.26623961689034,5.18647275970358,0.576255309688213,-0.2
2.27556095926779,5.19254480158938,0.574030385712583,-0.2
2.28489578839401,5.19859608918498,0.571805461736952,-0.2
2.29424405805896,5.20462659253479,0.569580537761322,-0.2
2.30360572198602,5.2106362817861,0.567355613785692,-0.2
2.3129807338323,5.21662512718923,0.565130689810062,-0.2
2.32236904718883,5.2225930990977,0.562905765834432,-0.2
2.33177061558077,5.22854016796835,0.560680841858802,-0.2
2.34118539246769,5.23446630436149,0.558455917883172,-0.2
2.35061333124376,5.24037147894105,0.556230993907541,-0.2
2.36005438523801,5.24625566247476,0.554006069931911,-0.2
2.36950850771452,5.25211882583421,0.551781145956281,-0.2
2.37897565187271,5.25796093999509,0.549556221980651,-0.2
2.3884557708475,5.26378197603727,0.547331298005021,-0.2
2.39794881770962,5.26958190514496,0.54510637402939,-0.2
2.40745474546578,5.27536069860685,0.54288145005376,-0.2
2.41697350705893,5.28111832781629,0.54065652607813,-0.2
2.42650505536849,5.28685476427136,0.5384316021025,-0.2
2.43604934321058,5.29256997957507,0.53620667812687,-0.2
2.44560632333827,5.29826394543548,0.53398175415124,-0.2
2.45517594844178,5.30393663366584,0.531756830175609,-0.2
2.46475817114875,5.30958801618472,0.529531906199979,-0.2
2.47435294402443,5.31521806501618,0.527306982224349,-0.2
2.48396021957198,5.32082675228986,0.525082058248719,-0.2
2.49357995023265,5.32641405024118,0.522857134273089,-0.2
2.50321208838603,5.33197993121141,0.520632210297459,-0.2
2.5128565863503,5.33752436764785,0.518407286321829,-0.2
2.52251339638244,5.34304733210399,0.516182362346198,-0.2
2.5321824706785,5.34854879723955,0.513957438370568,-0.2
2.54186376137381,5.35402873582073,0.511732514394938,-0.2
2.55155722054322,5.35948712072028,0.509507590419308,-0.2
2.56126280020135,5.36492392491762,0.507282666443678,-0.2
2.57098045230282,5.37033912149904,0.505057742468048,-0.2
2.58071012874248,5.37573268365776,0.502832818492417,-0.2
2.59045178135567,5.38110458469413,0.500607894516787,-0.2
2.60020536191843,5.3864547980157,0.498382970541157,-0.2
2.60997082214776,5.39178329713739,0.496158046565527,-0.2
2.61974811370186,5.39709005568162,0.493933122589897,-0.2
2.62953718818035,5.40237504737841,0.491708198614267,-0.2
2.63933799712452,5.40763824606557,0.489483274638636,-0.2
2.64915049201758,5.41287962568874,0.487258350663006,-0.2
2.65897462428489,5.41809916030162,0.485033426687376,-0.2
2.66881034529418,5.42329682406603,0.482808502711746,-0.2
2.67865760635586,5.42847259125203,0.480583578736116,-0.2
2.68851635872317,5.43362643623813,0.478358654760486,-0.2
2.69838655359248,5.43875833351131,0.476133730784855,-0.2
2.70826814210351,5.44386825766722,0.473908806809225,-0.2
2.71816107533959,5.44895618341029,0.471683882833595,-0.2
2.72806530432789,5.45402208555383,0.469458958857965,-0.2
2.73798078003965,5.45906593902019,0.467234034882335,-0.2
2.74790745339044,5.46408771884085,0.465009110906704,-0.2
2.75784527524041,5.46908740015658,0.462784186931074,-0.2
2.76779419639451,5.47406495821752,0.460559262955444,-0.2
2.77775416760275,5.47902036838336,0.458334338979814,-0.2
2.78772513956042,5.4839536061234,0.456109415004184,-0.2
2.7977070629084,5.48886464701671,0.453884491028554,-0.2
2.8076998882333,5.49375346675224,0.451659567052924,-0.2
2.81770356606781,5.49862004112893,0.449434643077294,-0.2
2.82771804689087,5.50346434605587,0.447209719101663,-0.2
2.83774328112795,5.50828635755236,0.444984795126033,-0.2
2.84777921915129,5.51308605174807,0.442759871150403,-0.2
2.85782581128013,5.51786340488315,0.440534947174773,-0.2
2.86788300778099,5.52261839330834,0.438310023199143,-0.2
2.87795075886787,5.5273509934851,0.436085099223512,-0.2
2.88802901470255,5.53206118198571,0.433860175247882,-0.2
2.8981177253948,5.5367489354934,0.431635251272252,-0.2
2.90821684100261,5.54141423080244,0.429410327296622,-0.2
2.9183263115325,5.5460570448183,0.427185403320992,-0.2
2.9284460869397,5.55067735455773,0.424960479345362,-0.2
2.93857611712846,5.55527513714889,0.422735555369731,-0.2
2.94871635195223,5.55985036983143,0.420510631394101,-0.2
2.95886674121396,5.56440302995665,0.418285707418471,-0.2
2.96902723466635,5.5689330949876,0.416060783442841,-0.2
2.97919778201205,5.57344054249916,0.413835859467211,-0.2
2.98937833290396,5.57792535017817,0.411610935491581,-0.2
2.99956883694546,5.58238749582357,0.40938601151595,-0.2
3.00976924369065,5.58682695734647,0.40716108754032,-0.2
3.01997950264461,5.59124371277027,0.40493616356469,-0.2
3.03019956326365,5.59563774023076,0.40271123958906,-0.2
3.04042937495558,5.60000901797627,0.40048631561343,-0.2
3.05066888707989,5.60435752436772,0.3982613916378,-0.2
3.06091804894811,5.60868323787878,0.396036467662169,-0.2
3.07117680982395,5.61298613709592,0.393811543686539,-0.2
3.08144511892363,5.61726620071857,0.391586619710909,-0.2
3.0917229254161,5.62152340755919,0.389361695735279,-0.2
3.1020101784233,5.62575773654341,0.387136771759649,-0.2
3.11230682702038,5.62996916671009,0.384911847784019,-0.2
3.12261282023601,5.63415767721145,0.382686923808389,-0.2
3.13292810705258,5.63832324731317,0.380461999832758,-0.2
3.1432526364065,5.64246585639449,0.378237075857128,-0.2
3.1535863571884,5.64658548394832,0.376012151881498,-0.2
3.16392921824343,5.65068210958133,0.373787227905868,-0.2
3.17428116837147,5.65475571301405,0.371562303930238,-0.2
3.18464215632743,5.658806274081,0.369337379954608,-0.2
3.19501213082146,5.66283377273073,0.367112455978977,-0.2
3.20539104051925,5.66683818902599,0.364887532003347,-0.2
3.21577883404223,5.67081950314378,0.362662608027717,-0.2
3.22617545996787,5.67477769537545,0.360437684052087,-0.2
3.23658086682991,5.67871274612683,0.358212760076457,-0.2
3.24699500311863,5.6826246359183,0.355987836100826,-0.2
3.25741781728109,5.68651334538488,0.353762912125196,-0.2
3.26784925772138,5.69037885527637,0.351537988149566,-0.2
3.27828927280091,5.69422114645738,0.349313064173936,-0.2
3.28873781083864,5.69804019990748,0.347088140198306,-0.2
3.29919482011133,5.70183599672127,0.344863216222676,-0.2
3.30966024885379,5.70560851810847,0.342638292247045,-0.2
3.32013404525919,5.70935774539403,0.340413368271415,-0.2
3.33061615747925,5.71308366001821,0.338188444295785,-0.2
3.34110653362453,5.71678624353667,0.335963520320155,-0.2
3.35160512176468,5.72046547762057,0.333738596344525,-0.2
3.3621118699287,5.72412134405664,0.331513672368895,-0.2
3.37262672610519,5.72775382474732,0.329288748393264,-0.2
3.38314963824264,5.73136290171078,0.327063824417634,-0.2
3.39368055424962,5.73494855708108,0.324838900442004,-0.2
3.4042194219951,5.73851077310819,0.322613976466374,-0.2
3.41476618930869,5.74204953215813,0.320389052490744,-0.2
3.42532080398089,5.74556481671303,0.318164128515114,-0.2
3.43588321376335,5.74905660937125,0.315939204539484,-0.2
3.44645336636914,5.7525248928474,0.313714280563853,-0.2
3.45703120947298,5.75596964997251,0.311489356588223,-0.2
3.46761669071156,5.75939086369403,0.309264432612593,-0.2
3.47820975768372,5.76278851707599,0.307039508636963,-0.2
3.48881035795076,5.76616259329905,0.304814584661333,-0.2
3.4994184390367,5.76951307566055,0.302589660685703,-0.2
3.51003394842851,5.77283994757466,0.300364736710072,-0.2
3.5206568335764,5.77614319257241,0.298139812734442,-0.2
3.53128704189408,5.77942279430181,0.295914888758812,-0.2
3.54192452075897,5.78267873652789,0.293689964783182,-0.2
3.55256921751253,5.78591100313281,0.291465040807552,-0.2
3.56322107946048,5.78911957811593,0.289240116831922,-0.2
3.57388005387308,5.79230444559389,0.287015192856291,-0.2
3.58454608798536,5.79546558980069,0.284790268880661,-0.2
3.59521912899743,5.79860299508776,0.282565344905031,-0.2
3.60589912407468,5.80171664592407,0.280340420929401,-0.2
3.61658602034811,5.80480652689614,0.278115496953771,-0.2
3.62727976491453,5.80787262270819,0.27589057297814,-0.2
3.63798030483687,5.81091491818217,0.27366564900251,-0.2
3.6486875871444,5.81393339825785,0.27144072502688,-0.2
3.65940155883304,5.8169280479929,0.26921580105125,-0.2
3.67012216686557,5.81989885256295,0.26699087707562,-0.2
3.68084935817193,5.82284579726168,0.26476595309999,-0.2
3.69158307964947,5.82576886750085,0.26254102912436,-0.2
3.70232327816322,5.82866804881045,0.260316105148729,-0.2
3.71306990054612,5.83154332683871,0.258091181173099,-0.2
3.72382289359935,5.83439468735217,0.255866257197469,-0.2
3.73458220409253,5.83722211623579,0.253641333221839,-0.2
3.74534777876401,5.840025599493,0.251416409246209,-0.2
3.75611956432112,5.84280512324576,0.249191485270579,-0.2
3.76689750744047,5.84556067373462,0.246966561294948,-0.2
3.77768155476817,5.84829223731883,0.244741637319318,-0.2
3.7884716529201,5.85099980047638,0.242516713343688,-0.2
3.79926774848223,5.85368334980405,0.240291789368058,-0.2
3.81006978801079,5.85634287201752,0.238066865392428,-0.2
3.82087771803262,5.85897835395138,0.235841941416798,-0.2
3.8316914850454,5.86158978255926,0.233617017441167,-0.2
3.84251103551788,5.86417714491384,0.231392093465537,-0.2
3.85333631589023,5.86674042820693,0.229167169489907,-0.2
3.86416727257422,5.86927961974957,0.226942245514277,-0.2
3.87500385195352,5.87179470697202,0.224717321538647,-0.2
3.885846000384,5.87428567742389,0.222492397563017,-0.2
3.89669366419392,5.87675251877417,0.220267473587386,-0.2
3.90754678968427,5.87919521881128,0.218042549611756,-0.2
3.91840532312898,5.88161376544317,0.215817625636126,-0.2
3.92926921077523,5.88400814669735,0.213592701660496,-0.2
3.94013839884367,5.88637835072095,0.211367777684866,-0.2
3.95101283352873,5.88872436578077,0.209142853709236,-0.2
3.96189246099886,5.89104618026338,0.206917929733605,-0.2
3.97277722739682,5.89334378267514,0.204693005757975,-0.2
3.9836670788399,5.89561716164226,0.202468081782345,-0.2
3.99456196142025,5.89786630591086,0.200243157806715,-0.2
4.00546182120509,5.90009120434705,0.198018233831085,-0.2
4.01636660423702,5.90229184593694,0.195793309855455,-0.2
4.02727625653425,5.90446821978673,0.193568385879825,-0.2
4.03819072409091,5.90662031512275,0.191343461904194,-0.2
4.04910995287726,5.90874812129151,0.189118537928564,-0.2
4.06003388884002,5.91085162775977,0.186893613952934,-0.2
4.0709624779026,5.91293082411458,0.184668689977304,-0.2
4.08189566596537,5.91498570006331,0.182443766001674,-0.2
4.09283339890594,5.91701624543375,0.180218842026044,-0.2
4.10377562257941,5.91902245017413,0.177993918050413,-0.2
4.11472228281866,5.92100430435315,0.175768994074783,-0.2
4.12567332543462,5.92296179816007,0.173544070099153,-0.2
4.13662869621649,5.92489492190475,0.171319146123523,-0.2
4.14758834093208,5.92680366601766,0.169094222147893,-0.2
4.15855220532803,5.92868802104999,0.166869298172262,-0.2
4.16952023513008,5.93054797767364,0.164644374196632,-0.2
4.18049237604337,5.93238352668129,0.162419450221002,-0.2
4.19146857375268,5.93419465898646,0.160194526245372,-0.2
4.20244877392269,5.93598136562352,0.157969602269742,-0.2
4.21343292219831,5.93774363774776,0.155744678294112,-0.2
4.22442096420486,5.93948146663545,0.153519754318481,-0.2
4.23541284554841,5.94119484368383,0.151294830342851,-0.2
4.24640851181601,5.94288376041119,0.149069906367221,-0.2
4.257407908576,5.94454820845692,0.146844982391591,-0.2
4.26841098137822,5.94618817958153,0.144620058415961,-0.2
4.27941767575434,5.94780366566669,0.142395134440331,-0.2
4.29042793721808,5.94939465871529,0.1401702104647,-0.2
4.30144171126551,5.95096115085145,0.13794528648907,-0.2
4.31245894337532,5.95250313432061,0.13572036251344,-0.2
4.32347957900907,5.95402060148949,0.13349543853781,-0.2
4.33450356361148,5.9555135448462,0.13127051456218,-0.2
4.34553084261069,5.95698195700026,0.12904559058655,-0.2
4.35656136141853,5.9584258306826,0.12682066661092,-0.2
4.36759506543078,5.95984515874563,0.124595742635289,-0.2
4.37863190002748,5.96123993416329,0.122370818659659,-0.2
4.38967181057315,5.96261015003102,0.120145894684029,-0.2
4.40071474241709,5.96395579956589,0.117920970708399,-0.2
4.41176064089364,5.96527687610652,0.115696046732769,-0.2
4.42280945132247,5.96657337311323,0.113471122757139,-0.2
4.43386111900882,5.96784528416798,0.111246198781508,-0.2
4.44491558924378,5.96909260297445,0.109021274805878,-0.2
4.45597280730458,5.97031532335806,0.106796350830248,-0.2
4.46703271845484,5.97151343926599,0.104571426854618,-0.2
4.47809526794486,5.97268694476723,0.102346502878988,-0.2
4.48916040101186,5.97383583405259,0.100121578903358,-0.2
4.5002280628803,5.97496010143475,0.0978966549277274,-0.2
4.51129819876208,5.97605974134825,0.0956717309520971,-0.2
4.5223707538569,5.97713474834957,0.0934468069764671,-0.2
4.53344567335244,5.97818511711712,0.0912218830008369,-0.2
4.5445229024247,5.97921084245128,0.0889969590252067,-0.2
4.55560238623826,5.98021191927441,0.0867720350495766,-0.2
4.5666840699465,5.98118834263089,0.0845471110739464,-0.2
4.57776789869194,5.98214010768716,0.0823221870983162,-0.2
4.58885381760647,5.9830672097317,0.0800972631226859,-0.2
4.59994177181164,5.98396964417509,0.0778723391470559,-0.2
4.61103170641892,5.98484740655004,0.0756474151714257,-0.2
4.62212356652997,5.98570049251136,0.0734224911957955,-0.2
4.63321729723693,5.98652889783603,0.0711975672201655,-0.2
4.64431284362268,5.98733261842322,0.0689726432445352,-0.2
4.6554101507611,5.98811165029428,0.066747719268905,-0.2
4.66650916371737,5.98886598959278,0.064522795293275,-0.2
4.6776098275482,5.98959563258452,0.0622978713176447,-0.2
4.68871208730216,5.99030057565756,0.0600729473420145,-0.2
4.69981588801989,5.99098081532225,0.0578480233663845,-0.2
4.71092117473443,5.99163634821118,0.0556230993907543,-0.2
4.72202789247144,5.9922671710793,0.053398175415124,-0.2
4.73313598624951,5.99287328080385,0.0511732514394938,-0.2
4.74424540108041,5.99345467438441,0.0489483274638638,-0.2
4.75535608196938,5.99401134894291,0.0467234034882336,-0.2
4.76646797391538,5.99454330172367,0.0444984795126033,-0.2
4.77758102191139,5.99505053009337,0.0422735555369733,-0.2
4.78869517094465,5.99553303154107,0.0400486315613431,-0.2
4.79981036599696,5.99599080367826,0.0378237075857129,-0.2
4.81092655204495,5.99642384423884,0.0355987836100828,-0.2
4.82204367406032,5.99683215107913,0.0333738596344526,-0.2
4.83316167701017,5.9972157221779,0.0311489356588224,-0.2
4.8442805058572,5.99757455563636,0.0289240116831924,-0.2
4.85540010556006,5.99790864967818,0.0266990877075621,-0.2
4.86652042107356,5.99821800264951,0.0244741637319319,-0.2
4.87764139734896,5.99850261301895,0.0222492397563017,-0.2
4.88876297933428,5.99876247937761,0.0200243157806717,-0.2
4.89988511197452,5.99899760043908,0.0177993918050414,-0.2
4.91100774021195,5.99920797503943,0.0155744678294112,-0.2
4.9221308089864,5.99939360213725,0.0133495438537812,-0.2
4.93325426323551,5.99955448081364,0.0111246198781509,-0.2
4.94437804789502,5.9996906102722,0.00889969590252071,-0.2
4.95550210789902,5.99980198983905,0.0066747719268907,-0.2
4.96662638818026,5.99988861896284,0.00444984795126047,-0.2
4.97775083367037,5.99995049721471,0.00222492397563023,-0.2
4.98887538930019,5.99998762428836,0,-0.2
5,6,-0.00222492397563001,-0.2
5,6,-0.00222492397563016,-0.2
5.01112461069981,5.99998762428836,-0.00444984795126033,-0.2
5.02224916632963,5.99995049721471,-0.00667477192689049,-0.2
5.03337361181974,5.99988861896284,-0.00889969590252066,-0.2
5.04449789210098,5.99980198983905,-0.0111246198781508,-0.2
5.05562195210498,5.9996906102722,-0.013349543853781,-0.2
5.06674573676449,5.99955448081364,-0.0155744678294112,-0.2
5.0778691910136,5.99939360213725,-0.0177993918050413,-0.2
5.08899225978805,5.99920797503943,-0.0200243157806715,-0.2
5.10011488802548,5.99899760043908,-0.0222492397563017,-0.2
5.11123702066572,5.99876247937761,-0.0244741637319318,-0.2
5.12235860265104,5.99850261301895,-0.026699087707562,-0.2
5.13347957892644,5.99821800264951,-0.0289240116831921,-0.2
5.14459989443994,5.99790864967818,-0.0311489356588223,-0.2
5.1557194941428,5.99757455563635,-0.0333738596344525,-0.2
5.16683832298983,5.9972157221779,-0.0355987836100826,-0.2
5.17795632593968,5.99683215107913,-0.0378237075857128,-0.2
5.18907344795505,5.99642384423884,-0.040048631561343,-0.2
5.20018963400304,5.99599080367826,-0.0422735555369731,-0.2
5.21130482905535,5.99553303154107,-0.0444984795126033,-0.2
5.22241897808861,5.99505053009337,-0.0467234034882335,-0.2
5.23353202608462,5.99454330172367,-0.0489483274638636,-0.2
5.24464391803062,5.99401134894291,-0.0511732514394938,-0.2
5.25575459891959,5.99345467438441,-0.053398175415124,-0.2
5.26686401375049,5.99287328080385,-0.0556230993907541,-0.2
5.27797210752856,5.9922671710793,-0.0578480233663843,-0.2
5.28907882526557,5.99163634821118,-0.0600729473420145,-0.2
5.30018411198011,5.99098081532225,-0.0622978713176446,-0.2
5.31128791269784,5.99030057565756,-0.0645227952932748,-0.2
5.3223901724518,5.98959563258452,-0.066747719268905,-0.2
5.33349083628263,5.98886598959278,-0.0689726432445351,-0.2
5.3445898492389,5.98811165029428,-0.0711975672201653,-0.2
5.35568715637732,5.98733261842322,-0.0734224911957954,-0.2
5.36678270276307,5.98652889783603,-0.0756474151714256,-0.2
5.37787643347003,5.98570049251135,-0.0778723391470558,-0.2
5.38896829358108,5.98484740655004,-0.0800972631226859,-0.2
5.40005822818836,5.98396964417509,-0.0823221870983161,-0.2
5.41114618239353,5.9830672097317,-0.0845471110739463,-0.2
5.42223210130806,5.98214010768716,-0.0867720350495764,-0.2
5.4333159300535,5.98118834263089,-0.0889969590252066,-0.2
5.44439761376174,5.98021191927441,-0.0912218830008368,-0.2
5.4554770975753,5.97921084245128,-0.0934468069764669,-0.2
5.46655432664756,5.97818511711712,-0.0956717309520971,-0.2
5.4776292461431,5.97713474834957,-0.0978966549277273,-0.2
5.48870180123792,5.97605974134825,-0.100121578903357,-0.2
5.4997719371197,5.97496010143475,-0.102346502878988,-0.2
5.51083959898814,5.97383583405259,-0.104571426854618,-0.2
5.52190473205514,5.97268694476723,-0.106796350830248,-0.2
5.53296728154516,5.97151343926599,-0.109021274805878,-0.2
5.54402719269543,5.97031532335806,-0.111246198781508,-0.2
5.55508441075623,5.96909260297445,-0.113471122757138,-0.2
5.56613888099118,5.96784528416798,-0.115696046732769,-0.2
5.57719054867753,5.96657337311323,-0.117920970708399,-0.2
5.58823935910636,5.96527687610652,-0.120145894684029,-0.2
5.59928525758291,5.96395579956588,-0.122370818659659,-0.2
5.61032818942685,5.96261015003102,-0.124595742635289,-0.2
5.62136809997252,5.96123993416329,-0.126820666610919,-0.2
5.63240493456922,5.95984515874563,-0.12904559058655,-0.2
5.64343863858147,5.9584258306826,-0.13127051456218,-0.2
5.65446915738931,5.95698195700026,-0.13349543853781,-0.2
5.66549643638852,5.9555135448462,-0.13572036251344,-0.2
5.67652042099093,5.95402060148949,-0.13794528648907,-0.2
5.68754105662468,5.9525031343206,-0.1401702104647,-0.2
5.69855828873449,5.95096115085145,-0.142395134440331,-0.2
5.70957206278192,5.94939465871529,-0.144620058415961,-0.2
5.72058232424566,5.94780366566669,-0.146844982391591,-0.2
5.73158901862178,5.94618817958153,-0.149069906367221,-0.2
5.742592091424,5.94454820845692,-0.151294830342851,-0.2
5.75359148818399,5.94288376041119,-0.153519754318481,-0.2
5.7645871544516,5.94119484368382,-0.155744678294112,-0.2
5.77557903579514,5.93948146663545,-0.157969602269742,-0.2
5.78656707780169,5.93774363774776,-0.160194526245372,-0.2
5.79755122607731,5.93598136562352,-0.162419450221002,-0.2
5.80853142624732,5.93419465898646,-0.164644374196632,-0.2
5.81950762395663,5.93238352668129,-0.166869298172262,-0.2
5.83047976486992,5.93054797767364,-0.169094222147893,-0.2
5.84144779467197,5.92868802104999,-0.171319146123523,-0.2
5.85241165906792,5.92680366601766,-0.173544070099153,-0.2
5.86337130378351,5.92489492190475,-0.175768994074783,-0.2
5.87432667456538,5.92296179816007,-0.177993918050413,-0.2
5.88527771718134,5.92100430435315,-0.180218842026043,-0.2
5.89622437742059,5.91902245017413,-0.182443766001674,-0.2
5.90716660109406,5.91701624543375,-0.184668689977304,-0.2
5.91810433403463,5.91498570006331,-0.186893613952934,-0.2
5.9290375220974,5.91293082411458,-0.189118537928564,-0.2
5.93996611115998,5.91085162775977,-0.191343461904194,-0.2
5.95089004712274,5.90874812129151,-0.193568385879824,-0.2
5.96180927590909,5.90662031512274,-0.195793309855455,-0.2
5.97272374346575,5.90446821978673,-0.198018233831085,-0.2
5.98363339576298,5.90229184593694,-0.200243157806715,-0.2
5.99453817879491,5.90009120434705,-0.202468081782345,-0.2
6.00543803857975,5.89786630591086,-0.204693005757975,-0.2
6.0163329211601,5.89561716164226,-0.206917929733605,-0.2
6.02722277260318,5.89334378267514,-0.209142853709235,-0.2
6.03810753900114,5.89104618026338,-0.211367777684866,-0.2
6.04898716647127,5.88872436578077,-0.213592701660496,-0.2
6.05986160115633,5.88637835072094,-0.215817625636126,-0.2
6.07073078922477,5.88400814669735,-0.218042549611756,-0.2
6.08159467687102,5.88161376544317,-0.220267473587386,-0.2
6.09245321031573,5.87919521881128,-0.222492397563017,-0.2
6.10330633580608,5.87675251877417,-0.224717321538647,-0.2
6.114153999616,5.87428567742389,-0.226942245514277,-0.2
6.12499614804648,5.87179470697202,-0.229167169489907,-0.2
6.13583272742578,5.86927961974957,-0.231392093465537,-0.2
6.14666368410977,5.86674042820693,-0.233617017441167,-0.2
6.15748896448212,5.86417714491384,-0.235841941416797,-0.2
6.1683085149546,5.86158978255926,-0.238066865392428,-0.2
6.17912228196738,5.85897835395138,-0.240291789368058,-0.2
6.18993021198921,5.85634287201751,-0.242516713343688,-0.2
6.20073225151777,5.85368334980405,-0.244741637319318,-0.2
6.2115283470799,5.85099980047638,-0.246966561294948,-0.2
6.22231844523183,5.84829223731883,-0.249191485270578,-0.2
6.23310249255953,5.84556067373462,-0.251416409246209,-0.2
6.24388043567888,5.84280512324575,-0.253641333221839,-0.2
6.25465222123599,5.840025599493,-0.255866257197469,-0.2
6.26541779590747,5.83722211623579,-0.258091181173099,-0.2
6.27617710640065,5.83439468735217,-0.260316105148729,-0.2
6.28693009945388,5.83154332683871,-0.262541029124359,-0.2
6.29767672183678,5.82866804881045,-0.26476595309999,-0.2
6.30841692035053,5.82576886750085,-0.26699087707562,-0.2
6.31915064182807,5.82284579726167,-0.26921580105125,-0.2
6.32987783313443,5.81989885256295,-0.27144072502688,-0.2
6.34059844116696,5.8169280479929,-0.27366564900251,-0.2
6.3513124128556,5.81393339825785,-0.27589057297814,-0.2
6.36201969516313,5.81091491818217,-0.278115496953771,-0.2
6.37272023508547,5.80787262270819,-0.280340420929401,-0.2
6.38341397965189,5.80480652689614,-0.282565344905031,-0.2
6.39410087592532,5.80171664592407,-0.284790268880661,-0.2
6.40478087100257,5.79860299508776,-0.287015192856291,-0.2
6.41545391201464,5.79546558980069,-0.289240116831921,-0.2
6.42611994612692,5.79230444559389,-0.291465040807552,-0.2
6.43677892053952,5.78911957811593,-0.293689964783182,-0.2
6.44743078248747,5.78591100313281,-0.295914888758812,-0.2
6.45807547924103,5.78267873652789,-0.298139812734442,-0.2
6.46871295810593,5.77942279430181,-0.300364736710072,-0.2
6.4793431664236,5.77614319257241,-0.302589660685702,-0.2
6.48996605157149,5.77283994757466,-0.304814584661333,-0.2
6.50058156096331,5.76951307566055,-0.307039508636963,-0.2
6.51118964204924,5.76616259329905,-0.309264432612593,-0.2
6.52179024231629,5.76278851707599,-0.311489356588223,-0.2
6.53238330928844,5.75939086369403,-0.313714280563853,-0.2
6.54296879052702,5.75596964997251,-0.315939204539483,-0.2
6.55354663363086,5.7525248928474,-0.318164128515114,-0.2
6.56411678623665,5.74905660937125,-0.320389052490744,-0.2
6.57467919601911,5.74556481671303,-0.322613976466374,-0.2
6.58523381069131,5.74204953215813,-0.324838900442004,-0.2
6.5957805780049,5.73851077310819,-0.327063824417634,-0.2
6.60631944575038,5.73494855708108,-0.329288748393264,-0.2
6.61685036175736,5.73136290171078,-0.331513672368895,-0.2
6.62737327389481,5.72775382474732,-0.333738596344525,-0.2
6.6378881300713,5.72412134405664,-0.335963520320155,-0.2
6.64839487823532,5.72046547762057,-0.338188444295785,-0.2
6.65889346637547,5.71678624353667,-0.340413368271415,-0.2
6.66938384252075,5.71308366001821,-0.342638292247045,-0.2
6.67986595474081,5.70935774539403,-0.344863216222676,-0.2
6.69033975114621,5.70560851810847,-0.347088140198306,-0.2
6.70080517988868,5.70183599672127,-0.349313064173936,-0.2
6.71126218916136,5.69804019990748,-0.351537988149566,-0.2
6.72171072719909,5.69422114645737,-0.353762912125196,-0.2
6.73215074227862,5.69037885527636,-0.355987836100826,-0.2
6.74258218271891,5.68651334538488,-0.358212760076457,-0.2
6.75300499688137,5.6826246359183,-0.360437684052087,-0.2
6.76341913317009,5.67871274612683,-0.362662608027717,-0.2
6.77382454003213,5.67477769537545,-0.364887532003347,-0.2
6.78422116595777,5.67081950314378,-0.367112455978977,-0.2
6.79460895948075,5.66683818902599,-0.369337379954607,-0.2
6.80498786917854,5.66283377273073,-0.371562303930238,-0.2
6.81535784367257,5.658806274081,-0.373787227905868,-0.2
6.82571883162853,5.65475571301405,-0.376012151881498,-0.2
6.83607078175657,5.65068210958133,-0.378237075857128,-0.2
6.8464136428116,5.64658548394832,-0.380461999832758,-0.2
6.8567473635935,5.64246585639449,-0.382686923808388,-0.2
6.86707189294742,5.63832324731317,-0.384911847784019,-0.2
6.87738717976399,5.63415767721145,-0.387136771759649,-0.2
6.88769317297962,5.62996916671009,-0.389361695735279,-0.2
6.8979898215767,5.62575773654341,-0.391586619710909,-0.2
6.90827707458389,5.62152340755919,-0.393811543686539,-0.2
6.91855488107637,5.61726620071857,-0.396036467662169,-0.2
6.92882319017605,5.61298613709591,-0.3982613916378,-0.2
6.93908195105189,5.60868323787878,-0.40048631561343,-0.2
6.94933111292011,5.60435752436772,-0.40271123958906,-0.2
6.95957062504442,5.60000901797627,-0.40493616356469,-0.2
6.96980043673635,5.59563774023076,-0.40716108754032,-0.2
6.98002049735539,5.59124371277027,-0.40938601151595,-0.2
6.99023075630936,5.58682695734647,-0.411610935491581,-0.2
7.00043116305454,5.58238749582357,-0.413835859467211,-0.2
7.01062166709604,5.57792535017817,-0.416060783442841,-0.2
7.02080221798795,5.57344054249916,-0.418285707418471,-0.2
7.03097276533365,5.5689330949876,-0.420510631394101,-0.2
7.04113325878604,5.56440302995665,-0.422735555369731,-0.2
7.05128364804777,5.55985036983143,-0.424960479345362,-0.2
7.06142388287154,5.55527513714889,-0.427185403320992,-0.2
7.0715539130603,5.55067735455773,-0.429410327296622,-0.2
7.0816736884675,5.5460570448183,-0.431635251272252,-0.2
7.09178315899739,5.54141423080244,-0.433860175247882,-0.2
7.1018822746052,5.53674893549339,-0.436085099223512,-0.2
7.11197098529745,5.53206118198571,-0.438310023199142,-0.2
7.12204924113213,5.5273509934851,-0.440534947174773,-0.2
7.13211699221901,5.52261839330834,-0.442759871150403,-0.2
7.14217418871987,5.51786340488315,-0.444984795126033,-0.2
7.15222078084871,5.51308605174807,-0.447209719101663,-0.2
7.16225671887205,5.50828635755236,-0.449434643077293,-0.2
7.17228195310913,5.50346434605587,-0.451659567052923,-0.2
7.18229643393219,5.49862004112893,-0.453884491028554,-0.2
7.19230011176669,5.49375346675224,-0.456109415004184,-0.2
7.2022929370916,5.48886464701671,-0.458334338979814,-0.2
7.21227486043958,5.4839536061234,-0.460559262955444,-0.2
7.22224583239726,5.47902036838336,-0.462784186931074,-0.2
7.23220580360549,5.47406495821752,-0.465009110906704,-0.2
7.24215472475959,5.46908740015657,-0.467234034882335,-0.2
7.25209254660956,5.46408771884085,-0.469458958857965,-0.2
7.26201921996035,5.45906593902018,-0.471683882833595,-0.2
7.27193469567211,5.45402208555383,-0.473908806809225,-0.2
7.28183892466041,5.44895618341029,-0.476133730784855,-0.2
7.29173185789649,5.44386825766722,-0.478358654760485,-0.2
7.30161344640752,5.43875833351131,-0.480583578736116,-0.2
7.31148364127683,5.43362643623813,-0.482808502711746,-0.2
7.32134239364414,5.42847259125203,-0.485033426687376,-0.2
7.33118965470582,5.42329682406602,-0.487258350663006,-0.2
7.34102537571512,5.41809916030162,-0.489483274638636,-0.2
7.35084950798242,5.41287962568874,-0.491708198614266,-0.2
7.36066200287548,5.40763824606556,-0.493933122589897,-0.2
7.37046281181965,5.40237504737841,-0.496158046565527,-0.2
7.38025188629814,5.39709005568162,-0.498382970541157,-0.2
7.39002917785224,5.39178329713739,-0.500607894516787,-0.2
7.39979463808157,5.3864547980157,-0.502832818492417,-0.2
7.40954821864433,5.38110458469413,-0.505057742468047,-0.2
7.41928987125752,5.37573268365776,-0.507282666443678,-0.2
7.42901954769718,5.37033912149904,-0.509507590419308,-0.2
7.43873719979865,5.36492392491762,-0.511732514394938,-0.2
7.44844277945678,5.35948712072028,-0.513957438370568,-0.2
7.45813623862619,5.35402873582073,-0.516182362346198,-0.2
7.4678175293215,5.34854879723955,-0.518407286321828,-0.2
7.47748660361756,5.34304733210398,-0.520632210297459,-0.2
7.4871434136497,5.33752436764785,-0.522857134273089,-0.2
7.49678791161397,5.3319799312114,-0.525082058248719,-0.2
7.50642004976735,5.32641405024118,-0.527306982224349,-0.2
7.51603978042802,5.32082675228986,-0.529531906199979,-0.2
7.52564705597557,5.31521806501618,-0.531756830175609,-0.2
7.53524182885125,5.30958801618472,-0.53398175415124,-0.2
7.54482405155822,5.30393663366584,-0.53620667812687,-0.2
7.55439367666173,5.29826394543548,-0.5384316021025,-0.2
7.56395065678942,5.29256997957507,-0.54065652607813,-0.2
7.57349494463151,5.28685476427136,-0.54288145005376,-0.2
7.58302649294107,5.28111832781629,-0.54510637402939,-0.2
7.59254525453422,5.27536069860685,-0.547331298005021,-0.2
7.60205118229038,5.26958190514496,-0.549556221980651,-0.2
7.6115442291525,5.26378197603727,-0.551781145956281,-0.2
7.62102434812729,5.25796093999509,-0.554006069931911,-0.2
7.63049149228548,5.25211882583421,-0.556230993907541,-0.2
7.63994561476199,5.24625566247476,-0.558455917883171,-0.2
7.64938666875624,5.24037147894105,-0.560680841858802,-0.2
7.65881460753231,5.23446630436149,-0.562905765834432,-0.2
7.66822938441923,5.22854016796835,-0.565130689810062,-0.2
7.67763095281117,5.2225930990977,-0.567355613785692,-0.2
7.6870192661677,5.21662512718923,-0.569580537761322,-0.2
7.69639427801398,5.2106362817861,-0.571805461736952,-0.2
7.70575594194104,5.20462659253479,-0.574030385712583,-0.2
7.71510421160599,5.19859608918498,-0.576255309688213,-0.2
7.72443904073221,5.19254480158938,-0.578480233663843,-0.2
7.73376038310967,5.18647275970358,-0.580705157639473,-0.2
7.74306819259504,5.18037999358592,-0.582930081615103,-0.2
7.75236242311203,5.17426653339732,-0.585155005590733,-0.2
7.76164302865156,5.16813240940115,-0.587379929566364,-0.2
7.77090996327197,5.16197765196308,-0.589604853541994,-0.2
7.78016318109932,5.1558022915509,-0.591829777517624,-0.2
7.78940263632752,5.14960635873441,-0.594054701493254,-0.2
7.79862828321867,5.14338988418524,-0.596279625468884,-0.2
7.80784007610316,5.1371528986767,-0.598504549444514,-0.2
7.81703796938001,5.13089543308365,-0.600729473420144,-0.2
7.82622191751703,5.12461751838232,-0.602954397395775,-0.2
7.83539187505106,5.11831918565019,-0.605179321371405,-0.2
7.8445477965882,5.11200046606578,-0.607404245347035,-0.2
7.85368963680403,5.10566139090857,-0.609629169322665,-0.2
7.86281735044384,5.09930199155877,-0.611854093298295,-0.2
7.87193089232285,5.09292229949723,-0.614079017273926,-0.2
7.88103021732643,5.08652234630523,-0.616303941249556,-0.2
7.89011528041034,5.08010216366437,-0.618528865225186,-0.2
7.89918603660092,5.07366178335638,-0.620753789200816,-0.2
7.90824244099535,5.06720123726297,-0.622978713176446,-0.2
7.91728444876185,5.06072055736568,-0.625203637152076,-0.2
7.92631201513991,5.05421977574573,-0.627428561127707,-0.2
7.93532509544051,5.04769892458384,-0.629653485103337,-0.2
7.94432364504633,5.04115803616007,-0.631878409078967,-0.2
7.95330761941199,5.03459714285368,-0.634103333054597,-0.2
7.96227697406425,5.02801627714297,-0.636328257030227,-0.2
7.97123166460227,5.02141547160509,-0.638553181005857,-0.2
7.98017164669777,5.01479475891591,-0.640778104981487,-0.2
7.9890968760953,5.00815417184984,-0.643003028957118,-0.2
7.99800730861243,5.00149374327968,-0.645227952932748,-0.2
8.00690290013999,4.99481350617644,-0.647452876908378,-0.2
8.01578360664226,4.98811349360921,-0.649677800884008,-0.2
8.02464938415721,4.98139373874494,-0.651902724859638,-0.2
8.03350018879674,4.97465427484834,-0.654127648835269,-0.2
8.04233597674682,4.96789513528167,-0.656352572810899,-0.2
8.05115670426781,4.9611163535046,-0.658577496786529,-0.2
8.05996232769458,4.95431796307403,-0.660802420762159,-0.2
8.06875280343679,4.94749999764393,-0.663027344737789,-0.2
8.07752808797909,4.94066249096516,-0.665252268713419,-0.2
8.08628813788133,4.93380547688533,-0.667477192689049,-0.2
8.09503290977875,4.92692898934861,-0.66970211666468,-0.2
8.10376236038225,4.92003306239558,-0.67192704064031,-0.2
8.11247644647856,4.91311773016302,-0.67415196461594,-0.2
8.12117512493048,4.90618302688381,-0.67637688859157,-0.2
8.12985835267708,4.89922898688671,-0.6786018125672,-0.2
8.13852608673389,4.89225564459618,-0.68082673654283,-0.2
8.14717828419318,4.88526303453226,-0.683051660518461,-0.2
8.15581490222411,4.87825119131036,-0.685276584494091,-0.2
8.16443589807295,4.8712201496411,-0.687501508469721,-0.2
8.17304122906332,4.86416994433014,-0.689726432445351,-0.2
8.18163085259638,4.85710061027799,-0.691951356420981,-0.2
8.19020472615105,4.85001218247988,-0.694176280396612,-0.2
8.19876280728422,4.84290469602554,-0.696401204372242,-0.2
8.20730505363095,4.83577818609905,-0.698626128347872,-0.2
8.21583142290469,4.82863268797867,-0.700851052323502,-0.2
8.22434187289749,4.82146823703664,-0.703075976299132,-0.2
8.23283636148018,4.81428486873904,-0.705300900274762,-0.2
8.24131484660264,4.80708261864558,-0.707525824250392,-0.2
8.24977728629396,4.79986152240945,-0.709750748226023,-0.2
8.25822363866264,4.79262161577714,-0.711975672201653,-0.2
8.26665386189684,4.78536293458823,-0.714200596177283,-0.2
8.27506791426456,4.77808551477528,-0.716425520152913,-0.2
8.28346575411383,4.77078939236358,-0.718650444128543,-0.2
8.29184733987296,4.76347460347101,-0.720875368104173,-0.2
8.30021263005072,4.75614118430786,-0.723100292079804,-0.2
8.30856158323654,4.74878917117665,-0.725325216055434,-0.2
8.31689415810073,4.74141860047192,-0.727550140031064,-0.2
8.32521031339466,4.73402950868011,-0.729775064006694,-0.2
8.33351000795099,4.72662193237932,-0.731999987982324,-0.2
8.34179320068389,4.71919590823916,-0.734224911957954,-0.2
8.35005985058919,4.71175147302057,-0.736449835933585,-0.2
8.35830991674461,4.70428866357561,-0.738674759909215,-0.2
8.36654335830999,4.69680751684733,-0.740899683884845,-0.2
8.37476013452744,4.68930806986952,-0.743124607860475,-0.2
8.38296020472158,4.68179035976658,-0.745349531836105,-0.2
8.39114352829972,4.67425442375333,-0.747574455811735,-0.2
8.3993100647521,4.66670029913478,-0.749799379787366,-0.2
8.40745977365202,4.659128023306,-0.752024303762996,-0.2
8.41559261465612,4.65153763375192,-0.754249227738626,-0.2
8.4237085475045,4.64392916804712,-0.756474151714256,-0.2
8.431807532021,4.63630266385568,-0.758699075689886,-0.2
8.43988952811333,4.62865815893096,-0.760923999665516,-0.2
8.44795449577332,4.62099569111544,-0.763148923641147,-0.2
8.45600239507707,4.61331529834051,-0.765373847616777,-0.2
8.4640331861852,4.6056170186263,-0.767598771592407,-0.2
8.472046829343,4.59790089008149,-0.769823695568037,-0.2
8.48004328488067,4.59016695090312,-0.772048619543667,-0.2
8.48802251321345,4.58241523937638,-0.774273543519297,-0.2
8.49598447484192,4.57464579387445,-0.776498467494928,-0.2
8.50392913035208,4.5668586528583,-0.778723391470558,-0.2
8.51185644041563,4.55905385487649,-0.780948315446188,-0.2
8.51976636579014,4.551231438565,-0.783173239421818,-0.2
8.52765886731922,4.54339144264701,-0.785398163397448,-0.2
8.53553390593274,4.53553390593274,-0.787623087373078,-0.2
8.54339144264701,4.52765886731922,-0.789848011348709,-0.2
8.551231438565,4.51976636579014,-0.792072935324339,-0.2
8.55905385487649,4.51185644041564,-0.794297859299969,-0.2
8.5668586528583,4.50392913035208,-0.796522783275599,-0.2
8.57464579387445,4.49598447484192,-0.798747707251229,-0.2
8.58241523937638,4.48802251321345,-0.800972631226859,-0.2
8.59016695090312,4.48004328488067,-0.80319755520249,-0.2
8.59790089008149,4.472046829343,-0.80542247917812,-0.2
8.6056170186263,4.4640331861852,-0.80764740315375,-0.2
8.61331529834051,4.45600239507707,-0.80987232712938,-0.2
8.62099569111544,4.44795449577332,-0.81209725110501,-0.2
8.62865815893096,4.43988952811333,-0.81432217508064,-0.2
8.63630266385568,4.431807532021,-0.816547099056271,-0.2
8.64392916804713,4.4237085475045,-0.818772023031901,-0.2
8.65153763375192,4.41559261465612,-0.820996947007531,-0.2
8.659128023306,4.40745977365202,-0.823221870983161,-0.2
8.66670029913478,4.3993100647521,-0.825446794958791,-0.2
8.67425442375333,4.39114352829972,-0.827671718934421,-0.2
8.68179035976659,4.38296020472158,-0.829896642910051,-0.2
8.68930806986952,4.37476013452744,-0.832121566885682,-0.2
8.69680751684733,4.36654335830999,-0.834346490861312,-0.2
8.70428866357561,4.35830991674461,-0.836571414836942,-0.2
8.71175147302057,4.35005985058919,-0.838796338812572,-0.2
8.71919590823916,4.34179320068389,-0.841021262788202,-0.2
8.72662193237932,4.33351000795099,-0.843246186763833,-0.2
8.73402950868011,4.32521031339465,-0.845471110739463,-0.2
8.74141860047192,4.31689415810073,-0.847696034715093,-0.2
8.74878917117665,4.30856158323654,-0.849920958690723,-0.2
8.75614118430786,4.30021263005072,-0.852145882666353,-0.2
8.76347460347101,4.29184733987296,-0.854370806641983,-0.2
8.77078939236358,4.28346575411383,-0.856595730617614,-0.2
8.77808551477528,4.27506791426456,-0.858820654593244,-0.2
8.78536293458823,4.26665386189684,-0.861045578568874,-0.2
8.79262161577714,4.25822363866264,-0.863270502544504,-0.2
8.79986152240945,4.24977728629396,-0.865495426520134,-0.2
8.80708261864558,4.24131484660265,-0.867720350495764,-0.2
8.81428486873904,4.23283636148018,-0.869945274471394,-0.2
8.82146823703664,4.22434187289749,-0.872170198447025,-0.2
8.82863268797867,4.21583142290469,-0.874395122422655,-0.2
8.83577818609905,4.20730505363095,-0.876620046398285,-0.2
8.84290469602554,4.19876280728422,-0.878844970373915,-0.2
8.85001218247988,4.19020472615105,-0.881069894349545,-0.2
8.85710061027799,4.18163085259638,-0.883294818325176,-0.2
8.86416994433014,4.17304122906331,-0.885519742300806,-0.2
8.8712201496411,4.16443589807295,-0.887744666276436,-0.2
8.87825119131036,4.15581490222411,-0.889969590252066,-0.2
8.88526303453226,4.14717828419318,-0.892194514227696,-0.2
8.89225564459618,4.13852608673389,-0.894419438203326,-0.2
8.89922898688671,4.12985835267708,-0.896644362178956,-0.2
8.90618302688381,4.12117512493048,-0.898869286154587,-0.2
8.91311773016302,4.11247644647856,-0.901094210130217,-0.2
8.92003306239558,4.10376236038225,-0.903319134105847,-0.2
8.92692898934861,4.09503290977875,-0.905544058081477,-0.2
8.93380547688533,4.08628813788133,-0.907768982057107,-0.2
8.94066249096516,4.07752808797909,-0.909993906032737,-0.2
8.94749999764393,4.06875280343679,-0.912218830008368,-0.2
8.95431796307403,4.05996232769458,-0.914443753983998,-0.2
8.9611163535046,4.05115670426781,-0.916668677959628,-0.2
8.96789513528167,4.04233597674682,-0.918893601935258,-0.2
8.97465427484834,4.03350018879673,-0.921118525910888,-0.2
8.98139373874494,4.02464938415721,-0.923343449886518,-0.2
8.98811349360921,4.01578360664226,-0.925568373862149,-0.2
8.99481350617644,4.00690290013999,-0.927793297837779,-0.2
9.00149374327968,3.99800730861243,-0.930018221813409,-0.2
9.00815417184984,3.9890968760953,-0.932243145789039,-0.2
9.01479475891591,3.98017164669777,-0.934468069764669,-0.2
9.02141547160509,3.97123166460227,-0.936692993740299,-0.2
9.02801627714297,3.96227697406425,-0.93891791771593,-0.2
9.03459714285368,3.95330761941199,-0.94114284169156,-0.2
9.04115803616007,3.94432364504633,-0.94336776566719,-0.2
9.04769892458384,3.93532509544051,-0.94559268964282,-0.2
9.05421977574573,3.92631201513991,-0.94781761361845,-0.2
9.06072055736568,3.91728444876185,-0.95004253759408,-0.2
9.06720123726297,3.90824244099535,-0.952267461569711,-0.2
9.07366178335638,3.89918603660092,-0.954492385545341,-0.2
9.08010216366437,3.89011528041034,-0.956717309520971,-0.2
9.08652234630523,3.88103021732643,-0.958942233496601,-0.2
9.09292229949723,3.87193089232285,-0.961167157472231,-0.2
9.09930199155877,3.86281735044384,-0.963392081447861,-0.2
9.10566139090857,3.85368963680403,-0.965617005423492,-0.2
9.11200046606578,3.8445477965882,-0.967841929399122,-0.2
9.11831918565019,3.83539187505106,-0.970066853374752,-0.2
9.12461751838232,3.82622191751703,-0.972291777350382,-0.2
9.13089543308365,3.81703796938001,-0.974516701326012,-0.2
9.1371528986767,3.80784007610316,-0.976741625301642,-0.2
9.14338988418524,3.79862828321867,-0.978966549277273,-0.2
9.14960635873441,3.78940263632752,-0.981191473252903,-0.2
9.1558022915509,3.78016318109931,-0.983416397228533,-0.2
9.16197765196308,3.77090996327197,-0.985641321204163,-0.2
9.16813240940115,3.76164302865156,-0.987866245179793,-0.2
9.17426653339732,3.75236242311203,-0.990091169155423,-0.2
9.18037999358592,3.74306819259504,-0.992316093131054,-0.2
9.18647275970358,3.73376038310966,-0.994541017106684,-0.2
9.19254480158938,3.72443904073221,-0.996765941082314,-0.2
9.19859608918498,3.71510421160599,-0.998990865057944,-0.2
9.20462659253479,3.70575594194104,-1.00121578903357,-0.2
9.2106362817861,3.69639427801398,-1.0034407130092,-0.2
9.21662512718923,3.6870192661677,-1.00566563698483,-0.2
9.2225930990977,3.67763095281117,-1.00789056096046,-0.2
9.22854016796835,3.66822938441923,-1.01011548493609,-0.2
9.23446630436149,3.65881460753231,-1.01234040891172,-0.2
9.24037147894105,3.64938666875624,-1.01456533288736,-0.2
9.24625566247476,3.63994561476199,-1.01679025686299,-0.2
9.25211882583421,3.63049149228548,-1.01901518083862,-0.2
9.25796093999509,3.62102434812729,-1.02124010481425,-0.2
9.26378197603727,3.6115442291525,-1.02346502878988,-0.2
9.26958190514496,3.60205118229038,-1.02568995276551,-0.2
9.27536069860685,3.59254525453422,-1.02791487674114,-0.2
9.28111832781629,3.58302649294107,-1.03013980071677,-0.2
9.28685476427136,3.57349494463151,-1.0323647246924,-0.2
9.29256997957507,3.56395065678942,-1.03458964866803,-0.2
9.29826394543548,3.55439367666173,-1.03681457264366,-0.2
9.30393663366584,3.54482405155822,-1.03903949661929,-0.2
9.30958801618472,3.53524182885125,-1.04126442059492,-0.2
9.31521806501618,3.52564705597557,-1.04348934457055,-0.2
9.32082675228986,3.51603978042802,-1.04571426854618,-0.2
9.32641405024118,3.50642004976735,-1.04793919252181,-0.2
9.33197993121141,3.49678791161397,-1.05016411649744,-0.2
9.33752436764786,3.4871434136497,-1.05238904047307,-0.2
9.34304733210399,3.47748660361756,-1.0546139644487,-0.2
9.34854879723955,3.4678175293215,-1.05683888842433,-0.2
9.35402873582073,3.45813623862619,-1.05906381239996,-0.2
9.35948712072027,3.44844277945678,-1.06128873637559,-0.2
9.36492392491762,3.43873719979865,-1.06351366035122,-0.2
9.37033912149904,3.42901954769718,-1.06573858432685,-0.2
9.37573268365776,3.41928987125752,-1.06796350830248,-0.2
9.38110458469413,3.40954821864433,-1.07018843227811,-0.2
9.3864547980157,3.39979463808157,-1.07241335625374,-0.2
9.39178329713739,3.39002917785224,-1.07463828022937,-0.2
9.39709005568162,3.38025188629814,-1.076863204205,-0.2
9.40237504737841,3.37046281181965,-1.07908812818063,-0.2
9.40763824606557,3.36066200287548,-1.08131305215626,-0.2
9.41287962568874,3.35084950798242,-1.08353797613189,-0.2
9.41809916030162,3.34102537571512,-1.08576290010752,-0.2
9.42329682406602,3.33118965470582,-1.08798782408315,-0.2
9.42847259125203,3.32134239364414,-1.09021274805878,-0.2
9.43362643623813,3.31148364127683,-1.09243767203441,-0.2
9.43875833351131,3.30161344640752,-1.09466259601004,-0.2
9.44386825766722,3.29173185789649,-1.09688751998567,-0.2
9.44895618341029,3.28183892466041,-1.0991124439613,-0.2
9.45402208555383,3.27193469567211,-1.10133736793693,-0.2
9.45906593902018,3.26201921996035,-1.10356229191256,-0.2
9.46408771884085,3.25209254660956,-1.10578721588819,-0.2
9.46908740015657,3.24215472475959,-1.10801213986382,-0.2
9.47406495821752,3.23220580360549,-1.11023706383945,-0.2
9.47902036838336,3.22224583239726,-1.11246198781508,-0.2
9.4839536061234,3.21227486043958,-1.11468691179071,-0.2
9.48886464701671,3.2022929370916,-1.11691183576634,-0.2
9.49375346675224,3.1923001117667,-1.11913675974197,-0.2
9.49862004112893,3.18229643393219,-1.1213616837176,-0.2
9.50346434605587,3.17228195310913,-1.12358660769323,-0.2
9.50828635755236,3.16225671887205,-1.12581153166886,-0.2
9.51308605174807,3.15222078084871,-1.12803645564449,-0.2
9.51786340488315,3.14217418871987,-1.13026137962012,-0.2
9.52261839330834,3.13211699221901,-1.13248630359575,-0.2
9.5273509934851,3.12204924113213,-1.13471122757138,-0.2
9.53206118198571,3.11197098529745,-1.13693615154701,-0.2
9.5367489354934,3.1018822746052,-1.13916107552264,-0.2
9.54141423080244,3.09178315899739,-1.14138599949827,-0.2
9.5460570448183,3.0816736884675,-1.1436109234739,-0.2
9.55067735455773,3.0715539130603,-1.14583584744953,-0.2
9.55527513714889,3.06142388287154,-1.14806077142517,-0.2
9.55985036983143,3.05128364804777,-1.1502856954008,-0.2
9.56440302995665,3.04113325878604,-1.15251061937643,-0.2
9.5689330949876,3.03097276533365,-1.15473554335206,-0.2
9.57344054249916,3.02080221798795,-1.15696046732769,-0.2
9.57792535017817,3.01062166709604,-1.15918539130332,-0.2
9.58238749582357,3.00043116305454,-1.16141031527895,-0.2
9.58682695734647,2.99023075630935,-1.16363523925458,-0.2
9.59124371277027,2.98002049735539,-1.16586016323021,-0.2
9.59563774023076,2.96980043673635,-1.16808508720584,-0.2
9.60000901797627,2.95957062504442,-1.17031001118147,-0.2
9.60435752436772,2.94933111292011,-1.1725349351571,-0.2
9.60868323787878,2.93908195105189,-1.17475985913273,-0.2
9.61298613709592,2.92882319017605,-1.17698478310836,-0.2
9.61726620071856,2.91855488107637,-1.17920970708399,-0.2
9.62152340755919,2.9082770745839,-1.18143463105962,-0.2
9.62575773654341,2.8979898215767,-1.18365955503525,-0.2
9.62996916671009,2.88769317297962,-1.18588447901088,-0.2
9.63415767721145,2.87738717976399,-1.18810940298651,-0.2
9.63832324731317,2.86707189294742,-1.19033432696214,-0.2
9.64246585639449,2.8567473635935,-1.19255925093777,-0.2
9.64658548394832,2.8464136428116,-1.1947841749134,-0.2
9.65068210958133,2.83607078175657,-1.19700909888903,-0.2
9.65475571301405,2.82571883162853,-1.19923402286466,-0.2
9.658806274081,2.81535784367257,-1.20145894684029,-0.2
9.66283377273073,2.80498786917854,-1.20368387081592,-0.2
9.666838189026,2.79460895948075,-1.20590879479155,-0.2
9.67081950314378,2.78422116595777,-1.20813371876718,-0.2
9.67477769537545,2.77382454003213,-1.21035864274281,-0.2
9.67871274612683,2.76341913317009,-1.21258356671844,-0.2
9.6826246359183,2.75300499688137,-1.21480849069407,-0.2
9.68651334538488,2.74258218271891,-1.2170334146697,-0.2
9.69037885527636,2.73215074227862,-1.21925833864533,-0.2
9.69422114645738,2.72171072719909,-1.22148326262096,-0.2
9.69804019990748,2.71126218916136,-1.22370818659659,-0.2
9.70183599672126,2.70080517988868,-1.22593311057222,-0.2
9.70560851810847,2.69033975114621,-1.22815803454785,-0.2
9.70935774539403,2.67986595474081,-1.23038295852348,-0.2
9.71308366001821,2.66938384252075,-1.23260788249911,-0.2
9.71678624353667,2.65889346637547,-1.23483280647474,-0.2
9.72046547762057,2.64839487823532,-1.23705773045037,-0.2
9.72412134405664,2.6378881300713,-1.239282654426,-0.2
9.72775382474732,2.62737327389481,-1.24150757840163,-0.2
9.73136290171078,2.61685036175736,-1.24373250237726,-0.2
9.73494855708108,2.60631944575038,-1.24595742635289,-0.2
9.73851077310819,2.5957805780049,-1.24818235032852,-0.2
9.74204953215813,2.58523381069131,-1.25040727430415,-0.2
9.74556481671303,2.57467919601911,-1.25263219827978,-0.2
9.74905660937125,2.56411678623665,-1.25485712225541,-0.2
9.7525248928474,2.55354663363086,-1.25708204623104,-0.2
9.75596964997251,2.54296879052702,-1.25930697020667,-0.2
9.75939086369403,2.53238330928844,-1.2615318941823,-0.2
9.76278851707599,2.52179024231629,-1.26375681815793,-0.2
9.76616259329905,2.51118964204924,-1.26598174213356,-0.2
9.76951307566055,2.5005815609633,-1.26820666610919,-0.2
9.77283994757466,2.48996605157149,-1.27043159008482,-0.2
9.77614319257241,2.4793431664236,-1.27265651406045,-0.2
9.77942279430181,2.46871295810593,-1.27488143803608,-0.2
9.78267873652789,2.45807547924103,-1.27710636201171,-0.2
9.78591100313281,2.44743078248747,-1.27933128598734,-0.2
9.78911957811593,2.43677892053952,-1.28155620996297,-0.2
9.79230444559389,2.42611994612692,-1.28378113393861,-0.2
9.79546558980069,2.41545391201464,-1.28600605791424,-0.2
9.79860299508776,2.40478087100257,-1.28823098188987,-0.2
9.80171664592407,2.39410087592532,-1.2904559058655,-0.2
9.80480652689614,2.38341397965189,-1.29268082984113,-0.2
9.80787262270819,2.37272023508547,-1.29490575381676,-0.2
9.81091491818217,2.36201969516313,-1.29713067779239,-0.2
9.81393339825785,2.3513124128556,-1.29935560176802,-0.2
9.8169280479929,2.34059844116696,-1.30158052574365,-0.2
9.81989885256295,2.32987783313443,-1.30380544971928,-0.2
9.82284579726167,2.31915064182807,-1.30603037369491,-0.2
9.82576886750085,2.30841692035053,-1.30825529767054,-0.2
9.82866804881045,2.29767672183678,-1.31048022164617,-0.2
9.83154332683871,2.28693009945388,-1.3127051456218,-0.2
9.83439468735217,2.27617710640065,-1.31493006959743,-0.2
9.83722211623579,2.26541779590747,-1.31715499357306,-0.2
9.840025599493,2.25465222123599,-1.31937991754869,-0.2
9.84280512324576,2.24388043567888,-1.32160484152432,-0.2
9.84556067373462,2.23310249255953,-1.32382976549995,-0.2
9.84829223731883,2.22231844523183,-1.32605468947558,-0.2
9.85099980047638,2.2115283470799,-1.32827961345121,-0.2
9.85368334980405,2.20073225151777,-1.33050453742684,-0.2
9.85634287201751,2.18993021198921,-1.33272946140247,-0.2
9.85897835395138,2.17912228196738,-1.3349543853781,-0.2
9.86158978255926,2.1683085149546,-1.33717930935373,-0.2
9.86417714491384,2.15748896448212,-1.33940423332936,-0.2
9.86674042820693,2.14666368410977,-1.34162915730499,-0.2
9.86927961974957,2.13583272742578,-1.34385408128062,-0.2
9.87179470697202,2.12499614804648,-1.34607900525625,-0.2
9.87428567742389,2.114153999616,-1.34830392923188,-0.2
9.87675251877417,2.10330633580608,-1.35052885320751,-0.2
9.87919521881128,2.09245321031573,-1.35275377718314,-0.2
9.88161376544317,2.08159467687102,-1.35497870115877,-0.2
9.88400814669735,2.07073078922477,-1.3572036251344,-0.2
9.88637835072095,2.05986160115633,-1.35942854911003,-0.2
9.88872436578077,2.04898716647127,-1.36165347308566,-0.2
9.89104618026338,2.03810753900114,-1.36387839706129,-0.2
9.89334378267514,2.02722277260318,-1.36610332103692,-0.2
9.89561716164226,2.0163329211601,-1.36832824501255,-0.2
9.89786630591086,2.00543803857975,-1.37055316898818,-0.2
9.90009120434705,1.99453817879491,-1.37277809296381,-0.2
9.90229184593694,1.98363339576298,-1.37500301693944,-0.2
9.90446821978673,1.97272374346575,-1.37722794091507,-0.2
9.90662031512275,1.96180927590909,-1.3794528648907,-0.2
9.90874812129151,1.95089004712274,-1.38167778886633,-0.2
9.91085162775977,1.93996611115998,-1.38390271284196,-0.2
9.91293082411458,1.9290375220974,-1.38612763681759,-0.2
9.91498570006331,1.91810433403463,-1.38835256079322,-0.2
9.91701624543375,1.90716660109406,-1.39057748476885,-0.2
9.91902245017413,1.89622437742059,-1.39280240874448,-0.2
9.92100430435315,1.88527771718134,-1.39502733272011,-0.2
9.92296179816007,1.87432667456538,-1.39725225669574,-0.2
9.92489492190475,1.86337130378351,-1.39947718067137,-0.2
9.92680366601766,1.85241165906792,-1.401702104647,-0.2
9.92868802104999,1.84144779467197,-1.40392702862263,-0.2
9.93054797767364,1.83047976486992,-1.40615195259826,-0.2
9.93238352668129,1.81950762395663,-1.40837687657389,-0.2
9.93419465898646,1.80853142624732,-1.41060180054952,-0.2
9.93598136562352,1.79755122607731,-1.41282672452515,-0.2
9.93774363774776,1.78656707780169,-1.41505164850078,-0.2
9.93948146663545,1.77557903579514,-1.41727657247642,-0.2
9.94119484368382,1.76458715445159,-1.41950149645205,-0.2
9.94288376041119,1.75359148818399,-1.42172642042768,-0.2
9.94454820845692,1.742592091424,-1.42395134440331,-0.2
9.94618817958153,1.73158901862178,-1.42617626837894,-0.2
9.94780366566669,1.72058232424566,-1.42840119235457,-0.2
9.94939465871529,1.70957206278192,-1.4306261163302,-0.2
9.95096115085145,1.69855828873449,-1.43285104030583,-0.2
9.9525031343206,1.68754105662468,-1.43507596428146,-0.2
9.95402060148949,1.67652042099093,-1.43730088825709,-0.2
9.95551354484621,1.66549643638852,-1.43952581223272,-0.2
9.95698195700026,1.65446915738931,-1.44175073620835,-0.2
9.9584258306826,1.64343863858147,-1.44397566018398,-0.2
9.95984515874563,1.63240493456922,-1.44620058415961,-0.2
9.96123993416329,1.62136809997252,-1.44842550813524,-0.2
9.96261015003103,1.61032818942685,-1.45065043211087,-0.2
9.96395579956589,1.59928525758291,-1.4528753560865,-0.2
9.96527687610652,1.58823935910636,-1.45510028006213,-0.2
9.96657337311323,1.57719054867753,-1.45732520403776,-0.2
9.96784528416798,1.56613888099118,-1.45955012801339,-0.2
9.96909260297445,1.55508441075623,-1.46177505198902,-0.2
9.97031532335806,1.54402719269542,-1.46399997596465,-0.2
9.97151343926599,1.53296728154516,-1.46622489994028,-0.2
9.97268694476723,1.52190473205514,-1.46844982391591,-0.2
9.97383583405259,1.51083959898814,-1.47067474789154,-0.2
9.97496010143475,1.4997719371197,-1.47289967186717,-0.2
9.97605974134825,1.48870180123792,-1.4751245958428,-0.2
9.97713474834957,1.4776292461431,-1.47734951981843,-0.2
9.97818511711712,1.46655432664756,-1.47957444379406,-0.2
9.97921084245128,1.4554770975753,-1.48179936776969,-0.2
9.98021191927441,1.44439761376174,-1.48402429174532,-0.2
9.98118834263089,1.4333159300535,-1.48624921572095,-0.2
9.98214010768716,1.42223210130806,-1.48847413969658,-0.2
9.9830672097317,1.41114618239353,-1.49069906367221,-0.2
9.98396964417509,1.40005822818836,-1.49292398764784,-0.2
9.98484740655004,1.38896829358108,-1.49514891162347,-0.2
9.98570049251136,1.37787643347003,-1.4973738355991,-0.2
9.98652889783603,1.36678270276307,-1.49959875957473,-0.2
9.98733261842322,1.35568715637732,-1.50182368355036,-0.2
9.98811165029428,1.3445898492389,-1.50404860752599,-0.2
9.98886598959278,1.33349083628263,-1.50627353150162,-0.2
9.98959563258452,1.3223901724518,-1.50849845547725,-0.2
9.99030057565756,1.31128791269784,-1.51072337945288,-0.2
9.99098081532225,1.30018411198011,-1.51294830342851,-0.2
9.99163634821118,1.28907882526557,-1.51517322740414,-0.2
9.9922671710793,1.27797210752856,-1.51739815137977,-0.2
9.99287328080385,1.26686401375049,-1.5196230753554,-0.2
9.99345467438441,1.25575459891959,-1.52184799933103,-0.2
9.99401134894292,1.24464391803062,-1.52407292330666,-0.2
9.99454330172367,1.23353202608462,-1.52629784728229,-0.2
9.99505053009337,1.22241897808861,-1.52852277125792,-0.2
9.99553303154107,1.21130482905535,-1.53074769523355,-0.2
9.99599080367826,1.20018963400304,-1.53297261920918,-0.2
9.99642384423884,1.18907344795505,-1.53519754318481,-0.2
9.99683215107913,1.17795632593968,-1.53742246716044,-0.2
9.9972157221779,1.16683832298983,-1.53964739113607,-0.2
9.99757455563635,1.1557194941428,-1.5418723151117,-0.2
9.99790864967818,1.14459989443994,-1.54409723908733,-0.2
9.99821800264951,1.13347957892644,-1.54632216306296,-0.2
9.99850261301895,1.12235860265104,-1.54854708703859,-0.2
9.99876247937761,1.11123702066572,-1.55077201101422,-0.2
9.99899760043908,1.10011488802548,-1.55299693498986,-0.2
9.99920797503943,1.08899225978805,-1.55522185896549,-0.2
9.99939360213725,1.0778691910136,-1.55744678294112,-0.2
9.99955448081364,1.06674573676449,-1.55967170691675,-0.2
9.9996906102722,1.05562195210498,-1.56189663089238,-0.2
9.99980198983905,1.04449789210098,-1.56412155486801,-0.2
9.99988861896284,1.03337361181974,-1.56634647884364,-0.2
9.99995049721471,1.02224916632963,-1.56857140281927,-0.2
9.99998762428836,1.01112461069981,-1.5707963267949,-0.2
10,0.999999999999999,-1.57302125077053,-0.2
10,0.98989898989899,-1.5707963267949,0
10,0.97979797979798,-1.5707963267949,0
10,0.96969696969697,-1.5707963267949,0
10,0.95959595959596,-1.5707963267949,0
10,0.94949494949495,-1.5707963267949,0
10,0.939393939393939,-1.5707963267949,0
10,0.929292929292929,-1.5707963267949,0
10,0.919191919191919,-1.5707963267949,0
10,0.909090909090909,-1.5707963267949,0
10,0.898989898989899,-1.5707963267949,0
10,0.888888888888889,-1.5707963267949,0
10,0.878787878787879,-1.5707963267949,0
10,0.868686868686869,-1.5707963267949,0
10,0.858585858585859,-1.5707963267949,0
10,0.848484848484849,-1.5707963267949,0
10,0.838383838383838,-1.5707963267949,0
10,0.828282828282828,-1.5707963267949,0
10,0.818181818181818,-1.5707963267949,0
10,0.808080808080808,-1.5707963267949,0
10,0.797979797979798,-1.5707963267949,0
10,0.787878787878788,-1.5707963267949,0
10,0.777777777777778,-1.5707963267949,0
10,0.767676767676768,-1.5707963267949,0
10,0.757575757575758,-1.5707963267949,0
10,0.747474747474747,-1.5707963267949,0
10,0.737373737373737,-1.5707963267949,0
10,0.727272727272727,-1.5707963267949,0
10,0.717171717171717,-1.5707963267949,0
10,0.707070707070707,-1.5707963267949,0
10,0.696969696969697,-1.5707963267949,0
10,0.686868686868687,-1.5707963267949,0
10,0.676767676767677,-1.5707963267949,0
10,0.666666666666667,-1.5707963267949,0
10,0.656565656565657,-1.5707963267949,0
10,0.646464646464646,-1.5707963267949,0
10,0.636363636363636,-1.5707963267949,0
10,0.626262626262626,-1.5707963267949,0
10,0.616161616161616,-1.5707963267949,0
10,0.606060606060606,-1.5707963267949,0
10,0.595959595959596,-1.5707963267949,0
10,0.585858585858586,-1.5707963267949,0
10,0.575757575757576,-1.5707963267949,0
10,0.565656565656566,-1.5707963267949,0
10,0.555555555555556,-1.5707963267949,0
10,0.545454545454545,-1.5707963267949,0
10,0.535353535353535,-1.5707963267949,0
10,0.525252525252525,-1.5707963267949,0
10,0.515151515151515,-1.5707963267949,0
10,0.505050505050505,-1.5707963267949,0
10,0.494949494949495,-1.5707963267949,0
10,0.484848484848485,-1.5707963267949,0
10,0.474747474747475,-1.5707963267949,0
10,0.464646464646465,-1.5707963267949,0
10,0.454545454545454,-1.5707963267949,0
10,0.444444444444444,-1.5707963267949,0
10,0.434343434343434,-1.5707963267949,0
10,0.424242424242424,-1.5707963267949,0
10,0.414141414141414,-1.5707963267949,0
10,0.404040404040404,-1.5707963267949,0
10,0.393939393939394,-1.5707963267949,0
10,0.383838383838384,-1.5707963267949,0
10,0.373737373737374,-1.5707963267949,0
10,0.363636363636364,-1.5707963267949,0
10,0.353535353535353,-1.5707963267949,0
10,0.343434343434343,-1.5707963267949,0
10,0.333333333333333,-1.5707963267949,0
10,0.323232323232323,-1.5707963267949,0
10,0.313131313131313,-1.5707963267949,0
10,0.303030303030303,-1.5707963267949,0
10,0.292929292929293,-1.5707963267949,0
10,0.282828282828283,-1.5707963267949,0
10,0.272727272727273,-1.5707963267949,0
10,0.262626262626263,-1.5707963267949,0
10,0.252525252525252,-1.5707963267949,0
10,0.242424242424242,-1.5707963267949,0
10,0.232323232323232,-1.5707963267949,0
10,0.222222222222222,-1.5707963267949,0
10,0.212121212121212,-1.5707963267949,0
10,0.202020202020202,-1.5707963267949,0
10,0.191919191919192,-1.5707963267949,0
10,0.181818181818182,-1.5707963267949,0
10,0.171717171717172,-1.5707963267949,0
10,0.161616161616162,-1.5707963267949,0
10,0.151515151515151,-1.5707963267949,0
10,0.141414141414141,-1.5707963267949,0
10,0.131313131313131,-1.5707963267949,0
10,0.121212121212121,-1.5707963267949,0
10,0.111111111111111,-1.5707963267949,0
10,0.101010101010101,-1.5707963267949,0
10,0.0909090909090908,-1.5707963267949,0
10,0.0808080808080808,-1.5707963267949,0
10,0.0707070707070706,-1.5707963267949,0
10,0.0606060606060606,-1.5707963267949,0
10,0.0505050505050504,-1.5707963267949,0
10,0.0404040404040403,-1.5707963267949,0
10,0.0303030303030303,-1.5707963267949,0
10,0.0202020202020201,-1.5707963267949,0
10,0.0101010101010101,-1.5707963267949,0
10,0,-1.5707963267949,0
